Customer_Firstname,Customer_Lastname,Cust_Name,Gender_Code,Customer _Name,Address1,City,State,Country_Code,Postal_Code,Postal_Code_Plus4,Address2,Email_Address,Phone_Number,Creditcard_Type,Locality,Salesman_Id,Nationality,National_Id,Creditcard_Number,Driver_License,Cust_Id,Order_Id,Order_Date,Order_Time,Freight_Charges,Order_Salesman,Order_Posted_Date,Order_Ship_Date,Age,Order_Value,T_Type,Purchase_Touchpoint,Purchase_Status,Order_Type,Generation,Baby Food,Diapers,Formula,Lotion,Baby Wash,Wipes,Fresh Fruits,Fresh Vegetables,Beer,Wine,Club Soda,Sports Drink,Chips,Popcorn,Oatmeal,Medicines,Canned Foods,Cigarettes,Cheese,Cleaning Products,Condiments,Frozen Foods,Kitchen Items,Meat,Office Supplies,Personal Care,Pet Supplies,Sea Food,Spices,,,,,,,,,,
Allen ,Perl          ,Allen Perl          ,Mr.,Mr. Allen Perl,4707    Hillcrest Lane,Abeto,PG,IT,6040,0,,Allen.M.Perl@spambob.com,0370 4762239,Master Card,,RP385 ,U.S.,22867928,5.18E+15,,10003,1106,00:00.0,29:06.2,29.79,NC298 ,00:00.0,"Wednesday, July 27, 2016",27,134.24,complete,Phone,Frequent,MediumValue,GEN_Y,0,0,1,1,0,0,0,0,0,0,0,0,0,0,1,0,0,0,0,0,1,0,0,0,0,0,0,0,0,,,,,,,,,,
Allen ,Perl          ,Allen Perl          ,Mr.,Mr. Allen Perl,4707    Hillcrest Lane,Abeto,PG,IT,6040,0,,Allen.M.Perl@spambob.com,0370 4762239,Master Card,,RP385 ,U.S.,22867928,5.15E+15,,10003,2948,00:00.0,13:54.6,17.87,SW277 ,00:00.0,"Sunday, March 27, 2016",27,53.4,abandoned,Phone,Frequent,MediumValue,GEN_Y,0,0,1,0,1,0,0,1,0,0,0,0,0,0,0,0,0,0,0,1,0,0,0,0,0,0,0,0,0,,,,,,,,,,
Allen ,Perl          ,Allen Perl          ,Mr.,Mr. Allen Perl,4707    Hillcrest Lane,Abeto,PG,IT,6040,0,,Allen.M.Perl@spambob.com,0370 4762239,Master Card,,RP385 ,U.S.,22867928,5.17E+15,,10003,3323,00:00.0,39:06.2,31.88,NC160 ,00:00.0,"Tuesday, September 27, 2016",27,26.25,complete,Desktop,Frequent,LowValue,GEN_Y,0,1,0,0,0,0,0,0,1,0,0,0,0,1,0,0,0,0,0,0,0,0,0,0,0,0,0,0,0,,,,,,,,,,
Allen ,Perl          ,Allen Perl          ,Mr.,Mr. Allen Perl,4707    Hillcrest Lane,Abeto,PG,IT,6040,0,,Allen.M.Perl@spambob.com,0370 4762239,Master Card,,RP385 ,U.S.,22867928,5.16E+15,,10003,7498,00:00.0,19:56.1,18.45,SW409 ,00:00.0,"Tuesday, March 1, 2016",27,5.65,complete,Phone,Frequent,LowValue,GEN_Y,0,0,0,1,0,0,0,0,0,0,0,0,0,1,0,0,0,0,0,0,0,0,0,0,0,0,0,0,0,,,,,,,,,,
Allen ,Perl          ,Allen Perl          ,Mr.,Mr. Allen Perl,4707    Hillcrest Lane,Abeto,PG,IT,6040,0,,Allen.M.Perl@spambob.com,0370 4762239,Master Card,,RP385 ,U.S.,22867928,5.14E+15,,10003,7973,00:00.0,07:36.4,23.12,WE352 ,00:00.0,"Monday, January 4, 2016",27,44.43,complete,Phone,Frequent,LowValue,GEN_Y,0,0,0,0,0,0,0,0,0,0,1,0,0,0,0,0,0,0,0,0,0,0,0,0,0,0,0,0,0,,,,,,,,,,
Allen ,Perl          ,Allen Perl          ,Mr.,Mr. Allen Perl,4707    Hillcrest Lane,Abeto,PG,IT,6040,0,,Allen.M.Perl@spambob.com,0370 4762239,Master Card,,RP385 ,U.S.,22867928,5.12E+15,,10003,9107,00:00.0,07:36.4,22.77,NW379 ,00:00.0,"Sunday, January 3, 2016",27,24.18,complete,Phone,Frequent,LowValue,GEN_Y,0,0,0,0,0,0,0,0,0,0,0,0,0,0,0,0,0,0,0,1,0,0,0,0,0,0,0,0,0,,,,,,,,,,
Anthony ,Whitney     ,Anthony Whitney     ,Mr.,Mr. Anthony Whitney,518 Highland    View      Drive,Achstetten,,DE,88480,0,,Anthony.H.Whitney@pookmail.com,03571 39 94 30,VISA,,WE349 ,IT,NXFXLA90D69D741G,4.47E+15,,10007,7441,00:00.0,39:06.2,11.05,SC130 ,00:00.0,"Saturday, February 27, 2016",NA,65.8,complete,Desktop,FirstTime,HighValue,GEN_Z,0,0,0,0,0,0,0,0,0,1,0,0,0,0,0,1,0,1,0,0,0,1,0,0,0,0,0,1,0,,,,,,,,,,
Thomas ,Owens        ,Thomas Owens        ,Mr.,Mr. Thomas Owens,4030 Jessie Street,Adami,CZ,IT,88041,0,,Thomas.N.Owens@mailinator.com,0341 5536286,VISA,,WE352 ,FR,1.48E+14,4.66E+15,,10015,627,47:25.0,47:25.4,6.37,NC163 ,47:25.0,"Sunday, May 8, 2016",60,40.34,complete,Phone,Occasional,LowValue,BABY_BOOMERS,0,0,0,0,0,0,0,0,0,0,1,0,1,1,0,0,1,0,0,0,0,0,0,0,0,0,0,0,0,,,,,,,,,,
Thomas ,Owens        ,Thomas Owens        ,Mr.,Mr. Thomas Owens,4030 Jessie Street,Adami,CZ,IT,88041,0,,Thomas.N.Owens@mailinator.com,0341 5536286,VISA,,WE352 ,FR,1.48E+14,4.02E+15,,10015,1209,00:00.0,43:54.6,23.37,SW340 ,00:00.0,"Saturday, February 27, 2016",60,18.81,cancelled,Phone,Occasional,LowValue,BABY_BOOMERS,0,0,0,0,0,0,1,0,0,0,0,0,0,0,0,0,0,0,0,0,0,0,0,0,0,0,0,0,0,,,,,,,,,,
Thomas ,Owens        ,Thomas Owens        ,Mr.,Mr. Thomas Owens,4030 Jessie Street,Adami,CZ,IT,88041,0,,Thomas.N.Owens@mailinator.com,0341 5536286,VISA,,WE352 ,FR,1.48E+14,4.56E+15,,10015,1556,00:00.0,36:44.9,19.81,NW310 ,00:00.0,"Wednesday, October 5, 2016",60,34.04,complete,Phone,Occasional,LowValue,BABY_BOOMERS,0,0,0,0,0,0,0,0,0,0,0,0,0,0,0,0,0,0,0,0,0,0,0,0,1,0,0,0,0,,,,,,,,,,
Thomas ,Owens        ,Thomas Owens        ,Mr.,Mr. Thomas Owens,4030 Jessie Street,Adami,CZ,IT,88041,0,,Thomas.N.Owens@mailinator.com,0341 5536286,VISA,,WE352 ,FR,1.48E+14,4.62E+15,,10015,8633,00:00.0,17:24.6,11.15,NC100 ,00:00.0,"Saturday, August 20, 2016",60,49.94,cancelled,Phone,Occasional,LowValue,BABY_BOOMERS,0,0,0,0,0,0,0,0,0,0,1,0,1,1,0,0,1,0,0,0,1,0,0,0,0,0,0,0,0,,,,,,,,,,
Anthony ,Carr        ,Anthony Carr        ,Mr.,Mr. Anthony Carr,2866 Quilly Lane,Agallas,,ES,37511,0,,Anthony.T.Carr@trashymail.com,91-635-1987,Discover,,SE208 ,IT,EOOIAI58A45B091X,6.01E+15,,10019,792,00:00.0,47:56.4,9.22,SC259 ,00:00.0,"Saturday, February 20, 2016",53,28.35,complete,Phone,Occasional,LowValue,BABY_BOOMERS,0,0,0,0,0,0,0,0,0,0,0,0,0,1,0,0,0,0,0,0,0,0,0,0,0,0,0,0,0,,,,,,,,,,
Anthony ,Carr        ,Anthony Carr        ,Mr.,Mr. Anthony Carr,2866 Quilly Lane,Agallas,,ES,37511,0,,Anthony.T.Carr@trashymail.com,91-635-1987,Discover,,SE208 ,IT,EOOIAI58A45B091X,6.01E+15,,10019,1257,00:00.0,47:24.6,13.33,SC193 ,00:00.0,"Saturday, August 20, 2016",53,29.82,complete,Phone,Occasional,LowValue,BABY_BOOMERS,0,0,0,0,0,0,0,0,0,0,0,0,0,1,0,0,0,0,0,0,0,0,0,0,1,0,0,0,0,,,,,,,,,,
Anthony ,Carr        ,Anthony Carr        ,Mr.,Mr. Anthony Carr,2866 Quilly Lane,Agallas,,ES,37511,0,,Anthony.T.Carr@trashymail.com,91-635-1987,Discover,,SE208 ,IT,EOOIAI58A45B091X,6.01E+15,,10019,2488,00:00.0,13:54.6,2.87,SW277 ,00:00.0,"Sunday, March 27, 2016",53,14.36,complete,Phone,Occasional,LowValue,BABY_BOOMERS,0,0,0,0,0,0,0,0,0,0,1,0,1,1,0,0,1,0,0,0,1,0,0,0,0,0,0,0,0,,,,,,,,,,
Anthony ,Carr        ,Anthony Carr        ,Mr.,Mr. Anthony Carr,2866 Quilly Lane,Agallas,,ES,37511,0,,Anthony.T.Carr@trashymail.com,91-635-1987,Discover,,SE208 ,IT,EOOIAI58A45B091X,6.01E+15,,10019,2836,00:00.0,29:06.2,6.05,NC298 ,00:00.0,"Wednesday, July 27, 2016",53,9.06,in-progress,Phone,Occasional,LowValue,BABY_BOOMERS,0,0,0,0,0,0,0,0,0,0,1,0,1,1,0,0,1,0,0,0,1,0,0,0,0,0,0,0,0,,,,,,,,,,
Anthony ,Carr        ,Anthony Carr        ,Mr.,Mr. Anthony Carr,2866 Quilly Lane,Agallas,,ES,37511,0,,Anthony.T.Carr@trashymail.com,91-635-1987,Discover,,SE208 ,IT,EOOIAI58A45B091X,6.01E+15,,10019,5456,00:00.0,50:44.9,23.37,RP253 ,00:00.0,"Monday, October 3, 2016",53,36.5,complete,Phone,Occasional,LowValue,BABY_BOOMERS,0,0,0,0,0,0,0,0,0,0,0,0,0,1,0,0,0,0,0,0,0,0,0,0,0,0,0,0,0,,,,,,,,,,
Melvin ,Schmitz      ,Melvin Schmitz      ,Mr.,Mr. Melvin Schmitz,20 Rocky Road,Aigues,,ES,3569,0,,Melvin.B.Schmitz@dodgeit.com,91-102-2813,VISA,,SW409 ,IT,UAENZJ93C71L915W,4.17E+15,,10027,139,00:00.0,33:44.8,24.08,NW184 ,00:00.0,"Tuesday, December 20, 2016",32,10.11,complete,Phone,Occasional,LowValue,GEN_Y,0,0,0,0,0,0,0,0,0,0,1,0,1,1,0,0,1,0,0,0,1,0,0,0,0,0,0,0,0,,,,,,,,,,
Melvin ,Schmitz      ,Melvin Schmitz      ,Mr.,Mr. Melvin Schmitz,20 Rocky Road,Aigues,,ES,3569,0,,Melvin.B.Schmitz@dodgeit.com,91-102-2813,VISA,,SW409 ,IT,UAENZJ93C71L915W,4.24E+15,,10027,831,00:00.0,33:59.5,7.02,SE265 ,00:00.0,"Friday, November 25, 2016",32,42.16,cancelled,Phone,Occasional,LowValue,GEN_Y,0,0,0,0,0,1,0,0,0,0,0,0,0,0,0,0,0,0,0,0,0,0,0,0,0,0,0,0,0,,,,,,,,,,
Melvin ,Schmitz      ,Melvin Schmitz      ,Mr.,Mr. Melvin Schmitz,20 Rocky Road,Aigues,,ES,3569,0,,Melvin.B.Schmitz@dodgeit.com,91-102-2813,VISA,,SW409 ,IT,UAENZJ93C71L915W,4.99E+15,,10027,6961,00:00.0,29:06.2,11.45,NC358 ,00:00.0,"Saturday, July 23, 2016",32,48.35,abandoned,Phone,Occasional,LowValue,GEN_Y,0,0,0,0,0,0,0,0,0,0,1,0,1,0,0,0,1,0,0,0,0,0,0,0,0,0,0,0,0,,,,,,,,,,
Melvin ,Schmitz      ,Melvin Schmitz      ,Mr.,Mr. Melvin Schmitz,20 Rocky Road,Aigues,,ES,3569,0,,Melvin.B.Schmitz@dodgeit.com,91-102-2813,VISA,,SW409 ,IT,UAENZJ93C71L915W,4.64E+15,,10027,8622,00:00.0,07:39.4,9.51,SC256 ,00:00.0,"Monday, November 14, 2016",32,5.1,in-progress,Phone,Occasional,LowValue,GEN_Y,0,0,0,0,0,0,0,0,0,0,1,0,1,0,0,0,1,0,0,0,0,0,0,0,0,0,0,0,0,,,,,,,,,,
John ,Hoffman        ,John Hoffman        ,Mr.,Mr. John Hoffman,1660 Lighthouse Drive,Akron,OH,US,44311,0,,John.D.Hoffman@trashymail.com,608-822-4333,American Express,,SW274 ,IT,RGQKFP86T41C178Z,3.77E+14,,10031,1369,00:00.0,32:50.8,21.97,NW247 ,00:00.0,"Friday, January 15, 2016",46,24.66,complete,Phone,Occasional,LowValue,GEN_X,0,0,0,0,0,0,0,0,0,0,1,0,1,1,0,0,1,0,0,0,1,0,0,0,0,0,0,0,0,,,,,,,,,,
Muriel ,Exley        ,Muriel Exley        ,Mrs.,Mrs. Muriel Exley,2645 Kooter Lane,Alba Di Canazei,TN,IT,38030,0,,Muriel.J.Exley@trashymail.com,0326 8920950,Discover,,SW412 ,FR,2.67E+14,6.01E+15,,10035,5328,00:00.0,32:45.2,33.85,NE304 ,00:00.0,"Friday, July 15, 2016",46,49.16,complete,Phone,Occasional,LowValue,GEN_X,0,0,0,0,0,0,0,0,0,0,0,1,0,0,0,0,0,0,0,0,0,0,0,0,0,0,0,0,0,,,,,,,,,,
James ,Moyle         ,James Moyle         ,Mr.,Mr. James Moyle,288 Vineyard Drive,Albany,NY,US,12204,0,,James.O.Moyle@pookmail.com,614-241-8539,Master Card,,NW247 ,IT,MQRAXX73T01A895J,5.16E+15,,10039,421,00:00.0,33:44.8,22.77,NE367 ,00:00.0,"Tuesday, December 20, 2016",72,224.71,complete,Desktop,Frequent,HighValue,BABY_BOOMERS,0,0,0,0,0,0,0,0,0,1,0,0,0,0,0,0,1,1,1,0,1,1,0,0,0,0,0,1,0,,,,,,,,,,
James ,Moyle         ,James Moyle         ,Mr.,Mr. James Moyle,288 Vineyard Drive,Albany,NY,US,12204,0,,James.O.Moyle@pookmail.com,614-241-8539,Master Card,,NW247 ,IT,MQRAXX73T01A895J,5.18E+15,,10039,5317,00:00.0,34:16.6,5.85,NW115 ,00:00.0,"Monday, December 19, 2016",72,235.6,complete,Desktop,Frequent,HighValue,BABY_BOOMERS,0,0,0,0,0,0,0,0,0,1,0,0,0,0,0,1,0,1,0,0,0,0,0,0,0,1,0,0,0,,,,,,,,,,
James ,Moyle         ,James Moyle         ,Mr.,Mr. James Moyle,288 Vineyard Drive,Albany,NY,US,12204,0,,James.O.Moyle@pookmail.com,614-241-8539,Master Card,,NW247 ,IT,MQRAXX73T01A895J,5.13E+15,,10039,5855,00:00.0,33:44.9,17.2,NW112 ,00:00.0,"Monday, May 30, 2016",72,164.54,complete,Desktop,Frequent,HighValue,BABY_BOOMERS,0,0,0,0,0,0,0,0,0,1,0,0,0,0,0,0,0,1,1,1,1,1,0,0,0,0,0,0,0,,,,,,,,,,
Calvin ,Shupe        ,Calvin Shupe        ,Mr.,Mr. Calvin Shupe,3335 Willow Oaks Lane,Albosaggia,SO,IT,23100,0,,Calvin.M.Shupe@spambob.com,0331 4473271,VISA,,NE373 ,IT,RHFGBS20R46E848A,4.31E+15,,10047,529,00:00.0,47:39.4,9,SC388 ,00:00.0,"Wednesday, June 15, 2016",49,45.66,complete,Phone,Occasional,LowValue,GEN_X,0,0,0,0,0,0,0,0,0,0,1,0,0,1,0,0,0,0,0,0,0,0,0,0,0,0,0,0,0,,,,,,,,,,
Alfonso ,Frazier     ,Alfonso Frazier     ,Mr.,Mr. Alfonso Frazier,3783 Freed Drive,Albuquerque,NM,US,87109,0,,Alfonso.K.Frazier@pookmail.com,973-546-4321,American Express,,WE418 ,FR,1.76E+14,3.41E+14,,10051,1352,00:00.0,27:55.6,13.33,SE271 ,00:00.0,"Sunday, October 9, 2016",47,18.99,complete,Phone,Occasional,LowValue,GEN_X,0,0,0,0,0,0,0,0,0,0,1,0,1,1,0,0,1,0,0,0,1,0,0,0,0,0,0,0,0,,,,,,,,,,
Alfonso ,Frazier     ,Alfonso Frazier     ,Mr.,Mr. Alfonso Frazier,3783 Freed Drive,Albuquerque,NM,US,87109,0,,Alfonso.K.Frazier@pookmail.com,973-546-4321,American Express,,WE418 ,FR,1.76E+14,3.78E+14,,10051,3079,00:00.0,19:46.2,7.85,NW250 ,00:00.0,"Saturday, March 12, 2016",47,43.14,complete,Phone,Occasional,LowValue,GEN_X,0,0,0,0,0,0,0,0,0,0,1,0,1,1,0,0,1,0,0,0,0,0,0,0,0,0,0,0,0,,,,,,,,,,
Alfonso ,Frazier     ,Alfonso Frazier     ,Mr.,Mr. Alfonso Frazier,3783 Freed Drive,Albuquerque,NM,US,87109,0,,Alfonso.K.Frazier@pookmail.com,973-546-4321,American Express,,WE418 ,FR,1.76E+14,3.40E+14,,10051,5296,00:00.0,44:16.6,48.52,NE178 ,00:00.0,"Tuesday, December 20, 2016",47,27.45,complete,Phone,Occasional,LowValue,GEN_X,0,0,0,0,0,0,0,0,0,0,1,0,1,1,0,0,1,0,0,0,1,0,0,0,0,0,0,0,0,,,,,,,,,,
Alfonso ,Frazier     ,Alfonso Frazier     ,Mr.,Mr. Alfonso Frazier,3783 Freed Drive,Albuquerque,NM,US,87109,0,,Alfonso.K.Frazier@pookmail.com,973-546-4321,American Express,,WE418 ,FR,1.76E+14,3.45E+14,,10051,5312,00:00.0,07:36.4,17.6,NC424 ,00:00.0,"Thursday, January 7, 2016",47,27.45,complete,Phone,Occasional,LowValue,GEN_X,0,0,0,0,0,0,0,0,0,0,1,0,1,1,0,0,1,0,0,0,0,0,0,0,0,0,0,0,0,,,,,,,,,,
Alfonso ,Frazier     ,Alfonso Frazier     ,Mr.,Mr. Alfonso Frazier,3783 Freed Drive,Albuquerque,NM,US,87109,0,,Alfonso.K.Frazier@pookmail.com,973-546-4321,American Express,,WE418 ,FR,1.76E+14,3.77E+14,,10051,6481,00:00.0,32:45.1,17.87,RP190 ,00:00.0,"Wednesday, June 15, 2016",47,28.6,cancelled,Phone,Occasional,LowValue,GEN_X,0,0,0,0,0,0,0,0,0,0,1,0,0,0,0,0,0,0,0,0,0,0,0,0,0,0,0,0,0,,,,,,,,,,
Alfonso ,Frazier     ,Alfonso Frazier     ,Mr.,Mr. Alfonso Frazier,3783 Freed Drive,Albuquerque,NM,US,87109,0,,Alfonso.K.Frazier@pookmail.com,973-546-4321,American Express,,WE418 ,FR,1.76E+14,3.75E+14,,10051,6487,00:00.0,43:54.6,17.87,NW181 ,00:00.0,"Monday, December 12, 2016",47,42.24,complete,Phone,Occasional,LowValue,GEN_X,0,1,0,0,0,0,0,0,0,0,0,0,0,0,0,0,0,0,0,0,0,0,0,0,0,0,0,0,0,,,,,,,,,,
Alfonso ,Frazier     ,Alfonso Frazier     ,Mr.,Mr. Alfonso Frazier,3783 Freed Drive,Albuquerque,NM,US,87109,0,,Alfonso.K.Frazier@pookmail.com,973-546-4321,American Express,,WE418 ,FR,1.76E+14,3.43E+14,,10051,7945,00:00.0,47:52.6,21.97,NE241 ,00:00.0,"Monday, April 25, 2016",47,8.04,in-progress,Phone,Occasional,LowValue,GEN_X,0,0,0,0,0,0,0,0,0,0,1,0,0,1,0,0,0,0,0,0,0,0,0,0,0,0,0,0,0,,,,,,,,,,
Reda ,Fullilove      ,Reda Fullilove      ,Mrs.,Mrs. Reda Fullilove,518 Crestview Terrace,Alcalali,,ES,3728,0,,Reda.J.Fullilove@dodgeit.com,91-102-2037,Diners Club,,SE205 ,IT,WHQPWH25A09H876D,3.61E+13,,10055,925,00:00.0,47:52.6,19.25,WE157 ,00:00.0,"Monday, April 25, 2016",24,32.11,in-progress,Phone,FirstTime,LowValue,GEN_Y,0,0,0,0,0,0,0,0,0,0,1,0,1,1,0,0,1,0,0,0,0,0,0,0,0,0,0,0,0,,,,,,,,,,
Reda ,Fullilove      ,Reda Fullilove      ,Mrs.,Mrs. Reda Fullilove,518 Crestview Terrace,Alcalali,,ES,3728,0,,Reda.J.Fullilove@dodgeit.com,91-102-2037,Diners Club,,SE205 ,IT,WHQPWH25A09H876D,3.64E+13,,10055,1282,00:00.0,47:52.6,23.37,WE157 ,00:00.0,"Monday, April 25, 2016",24,223.31,complete,Phone,FirstTime,HighValue,GEN_Y,0,0,0,0,0,0,0,0,0,1,0,0,0,0,0,0,0,1,0,0,0,0,0,0,0,1,0,1,1,,,,,,,,,,
Reda ,Fullilove      ,Reda Fullilove      ,Mrs.,Mrs. Reda Fullilove,518 Crestview Terrace,Alcalali,,ES,3728,0,,Reda.J.Fullilove@dodgeit.com,91-102-2037,Diners Club,,SE205 ,IT,WHQPWH25A09H876D,3.63E+13,,10055,4950,00:00.0,43:54.6,18.45,NE103 ,00:00.0,"Thursday, October 27, 2016",24,129.77,complete,Phone,FirstTime,MediumValue,GEN_Y,1,0,1,0,0,0,0,0,0,0,0,0,0,0,0,0,0,0,0,0,1,0,0,0,1,0,0,0,0,,,,,,,,,,
Cecil ,Games         ,Cecil Games         ,Mr.,Mr. Cecil Games,3747 Abner Road,Aldearrubia,,ES,37340,0,,Cecil.A.Games@trashymail.com,91-103-1865,VISA,,WE421 ,FR,2.10E+14,4.62E+15,,10059,1985,00:00.0,25:36.6,21.97,WE415 ,00:00.0,"Wednesday, March 30, 2016",age-32,5.91,in-progress,Phone,FirstTime,LowValue,GEN_Z,0,0,0,0,0,0,0,0,0,0,0,0,0,1,0,0,0,0,0,0,0,0,0,0,0,0,0,0,0,,,,,,,,,,
Cecil ,Games         ,Cecil Games         ,Mr.,Mr. Cecil Games,3747 Abner Road,Aldearrubia,,ES,37340,0,,Cecil.A.Games@trashymail.com,91-103-1865,VISA,,WE421 ,FR,2.10E+14,4.70E+15,,10059,3363,00:00.0,23:44.8,68.57,NW244 ,00:00.0,"Thursday, December 15, 2016",age-32,173.62,complete,Phone,FirstTime,HighValue,GEN_Z,1,0,0,0,0,0,0,0,0,1,0,0,0,0,0,0,0,1,1,0,0,0,0,0,0,1,0,0,0,,,,,,,,,,
Edward ,Turner       ,Edward Turner       ,Mr.,Mr. Edward Turner,3179 Stratford Drive,Alexandrian,LA,US,71301,0,,Edward.C.Turner@mailinator.com,313-244-7595,Diners Club,,WE154 ,FR,7.54E+14,3.61E+13,,10063,564,00:00.0,58:44.9,7.12,SW343 ,00:00.0,"Monday, May 30, 2016",65,198.38,cancelled,Desktop,Frequent,HighValue,BABY_BOOMERS,0,1,0,1,0,0,1,0,1,1,0,0,0,0,0,0,0,1,0,0,0,1,0,0,0,1,0,0,0,,,,,,,,,,
Edward ,Turner       ,Edward Turner       ,Mr.,Mr. Edward Turner,3179 Stratford Drive,Alexandria,LA,US,71301,0,,Edward.C.Turner@mailinator.com,313-244-7595,Diners Club,,WE154 ,FR,7.54E+14,3.63E+13,,10063,1506,00:00.0,34:16.6,22.77,SE403 ,00:00.0,"Friday, September 9, 2016",65,242.23,complete,Desktop,Frequent,HighValue,BABY_BOOMERS,0,1,1,0,0,0,0,0,1,1,0,0,0,0,0,0,0,1,0,0,0,1,0,1,0,0,0,1,1,,,,,,,,,,
Edward ,Turner       ,Edward Turner       ,Mr.,Mr. Edward Turner,3179 Stratford Drive,Alexandria,LA,US,71301,0,,Edward.C.Turner@mailinator.com,313-244-7595,Diners Club,,WE154 ,FR,7.54E+14,3.62E+13,,10063,3586,00:00.0,34:16.6,11.45,NW115 ,00:00.0,"Monday, December 19, 2016",65,270.16,complete,Desktop,Frequent,HighValue,BABY_BOOMERS,0,0,0,0,0,0,0,0,0,1,0,0,0,0,0,0,0,1,0,0,0,0,0,0,0,0,0,1,1,,,,,,,,,,
Amy ,Randle          ,Amy Randle          ,Mrs.,Mrs. Amy Randle,4316 Nickel Road,Algaida,,ES,7210,0,,Amy.M.Randle@mailinator.com,91-271-2733,VISA,,NC292 ,U.S.,515250001,4.59E+15,,10067,1042,00:00.0,57:35.6,27.99,SE334 ,00:00.0,"Sunday, October 9, 2016",28,57.87,cancelled,Phone,Frequent,MediumValue,GEN_Y,0,1,0,0,0,1,0,0,0,0,0,0,0,0,0,0,1,0,0,1,1,0,0,0,0,0,1,0,0,,,,,,,,,,
Amy ,Randle          ,Amy Randle          ,Mrs.,Mrs. Amy Randle,4316 Nickel Road,Algaida,,ES,7210,0,,Amy.M.Randle@mailinator.com,91-271-2733,VISA,,NC292 ,U.S.,515250001,4.63E+15,,10067,1239,00:00.0,29:06.2,7.85,SE208 ,00:00.0,"Tuesday, March 1, 2016",28,378,complete,Phone,Frequent,LowValue,GEN_Y,0,0,0,0,0,0,0,0,0,0,1,0,1,0,0,0,1,0,0,0,0,0,0,0,0,0,0,0,0,,,,,,,,,,
Rafael ,Middleton    ,Rafael Middleton    ,Mr.,Mr. Rafael Middleton,3020 Callison Lane,Allentown,MD,US,20222,0,,Rafael.G.Middleton@spambob.com,781-315-9600,JCB,,SC262 ,U.S.,530990002,3.53E+15,,10075,670,00:00.0,39:06.2,11.85,SC130 ,00:00.0,"Saturday, February 27, 2016",73,142.54,complete,Desktop,Frequent,MediumValue,BABY_BOOMERS,0,0,0,1,0,0,0,1,0,0,0,0,0,0,1,0,0,1,0,0,0,0,0,1,0,0,0,0,1,,,,,,,,,,
Rafael ,Middleton    ,Rafael Middleton    ,Mr.,Mr. Rafael Middleton,3020 Callison Lane,Allentown,MD,US,20222,0,,Rafael.G.Middleton@spambob.com,781-315-9600,JCB,,SC262 ,U.S.,530990002,3.53E+15,,10075,2231,00:00.0,47:56.4,9,WE220 ,00:00.0,"Sunday, December 25, 2016",73,197.81,complete,Desktop,Frequent,HighValue,BABY_BOOMERS,0,0,0,0,0,0,0,0,0,0,0,0,0,0,0,1,0,1,0,0,0,1,0,0,0,0,0,0,1,,,,,,,,,,
Rafael ,Middleton    ,Rafael Middleton    ,Mr.,Mr. Rafael Middleton,3020 Callison Lane,Allentown,MD,US,20222,0,,Rafael.G.Middleton@spambob.com,781-315-9600,JCB,,SC262 ,U.S.,530990002,3.53E+15,,10075,9068,00:00.0,07:36.4,16.27,NW379 ,00:00.0,"Sunday, January 3, 2016",73,179.38,complete,Desktop,Frequent,HighValue,BABY_BOOMERS,0,0,0,0,0,0,0,0,0,1,0,0,0,0,1,1,0,1,0,0,0,0,0,0,0,0,0,1,0,,,,,,,,,,
Earl ,Bruner         ,Earl Bruner         ,Mr.,Mr. Earl Bruner,3155 Single Street,Alma,QC,CA,G8B 2W5,0,,Earl.M.Bruner@pookmail.com,613-353-4540,American Express,,NE172 ,ES,5873675G,3.77E+14,,10079,3545,00:00.0,57:39.4,6.37,SW142 ,00:00.0,"Saturday, April 30, 2016",19,20.37,complete,Phone,Frequent,LowValue,GEN_Z,0,0,0,0,0,0,0,0,0,0,1,0,1,0,0,0,1,0,0,0,0,0,0,0,0,0,0,0,0,,,,,,,,,,
Linda ,Garcia        ,Linda Garcia        ,Mrs.,Mrs. Linda Garcia,2306 Thrash Trail,Alpo,VR,IT,37060,0,,Linda.J.Garcia@mailinator.com,0317 2702530,JCB,,SE268 ,U.S.,22868164,3.53E+15,,10083,1728,00:00.0,59:36.2,17.87,SC199 ,00:00.0,"Tuesday, December 27, 2016",40,560,complete,Phone,Occasional,LowValue,GEN_Y,0,0,0,0,0,0,1,0,0,0,0,0,0,0,0,0,0,0,0,0,0,0,0,0,0,0,0,0,0,,,,,,,,,,
Quinn ,Perry         ,Quinn Perry         ,Master.,Master. Quinn Perry,749 C Street,Amarillo,TX,US,79109,0,,Quinn.S.Perry@spambob.com,603-366-3347,American Express,,SC322 ,IT,FHGPMO74D11L254L,3.44E+14,,10091,3359,00:00.0,59:36.2,68.57,SC199 ,00:00.0,"Tuesday, December 27, 2016",40,24.08,complete,Phone,Occasional,LowValue,GEN_Y,0,0,0,0,0,0,0,0,0,0,1,0,1,0,0,0,1,0,0,0,1,0,0,0,0,0,0,0,0,,,,,,,,,,
Quinn ,Perry         ,Quinn Perry         ,Master.,Master. Quinn Perry,749 C Street,Amarillo,TX,US,79109,0,,Quinn.S.Perry@spambob.com,603-366-3347,American Express,,SC322 ,IT,FHGPMO74D11L254L,3.75E+14,,10091,6717,00:00.0,13:54.6,13.25,SE400 ,00:00.0,"Sunday, July 3, 2016",40,5.2,complete,Phone,Occasional,LowValue,GEN_Y,0,0,0,0,0,0,0,0,0,0,1,0,0,0,0,0,0,0,0,1,0,0,0,0,0,0,1,0,0,,,,,,,,,,
Quinn ,Perry         ,Quinn Perry         ,Master.,Master. Quinn Perry,749 C Street,Amarillo,TX,US,79109,0,,Quinn.S.Perry@spambob.com,603-366-3347,American Express,,SC322 ,IT,FHGPMO74D11L254L,3.42E+14,,10091,7265,00:00.0,07:39.4,7.45,WE286 ,00:00.0,"Wednesday, November 30, 2016",40,35.16,in-progress,Phone,Occasional,LowValue,GEN_Y,0,0,0,0,0,0,0,0,0,0,1,0,1,0,0,0,1,0,0,0,0,0,0,0,0,0,0,0,0,,,,,,,,,,
Kristin ,Mendoza     ,Kristin Mendoza     ,Mrs.,Mrs. Kristin Mendoza,2909 Frank Avenue,Anaheim,CA,US,92805,0,,Kristin.T.Mendoza@spambob.com,865-685-8215,Diners Club,,WE154 ,FR,7.00E+14,3.70E+13,,10095,2162,00:00.0,43:54.6,8.99,SW340 ,00:00.0,"Saturday, February 27, 2016",age-55,35.36,cancelled,Phone,Frequent,LowValue,GEN_Z,0,0,0,0,0,0,0,0,0,0,1,0,1,1,0,0,1,0,0,0,1,0,0,0,0,0,0,0,0,,,,,,,,,,
Kristin ,Mendoza     ,Kristin Mendoza     ,Mrs.,Mrs. Kristin Mendoza,2909 Frank Avenue,Anaheim,CA,US,92805,0,,Kristin.T.Mendoza@spambob.com,865-685-8215,Diners Club,,WE154 ,FR,7.00E+14,3.69E+13,,10095,3305,00:00.0,27:55.6,33.99,SW217 ,00:00.0,"Thursday, October 6, 2016",age-55,24.92,complete,Phone,Frequent,LowValue,GEN_Z,0,0,0,0,0,0,0,0,0,0,1,0,0,0,0,0,0,0,0,0,0,0,0,0,0,0,0,0,0,,,,,,,,,,
Kristin ,Mendoza     ,Kristin Mendoza     ,Mrs.,Mrs. Kristin Mendoza,2909 Frank Avenue,Anaheim,CA,US,92805,0,,Kristin.T.Mendoza@spambob.com,865-685-8215,Diners Club,,WE154 ,FR,7.00E+14,3.66E+13,,10095,3967,00:00.0,43:54.6,11.88,NW316 ,00:00.0,"Monday, December 12, 2016",age-55,281.82,complete,Phone,Frequent,HighValue,GEN_Z,0,0,0,0,0,0,0,0,0,1,0,0,0,0,0,0,0,1,1,0,0,1,0,0,0,0,0,1,0,,,,,,,,,,
Kristin ,Mendoza     ,Kristin Mendoza     ,Mrs.,Mrs. Kristin Mendoza,2909 Frank Avenue,Anaheim,CA,US,92805,0,,Kristin.T.Mendoza@spambob.com,865-685-8215,Diners Club,,WE154 ,FR,7.00E+14,3.63E+13,,10095,4382,00:00.0,29:06.2,19.85,NC358 ,00:00.0,"Saturday, July 23, 2016",age-55,6.33,cancelled,Phone,Frequent,LowValue,GEN_Z,0,0,0,0,0,0,0,0,0,0,1,0,1,0,0,0,1,0,0,0,0,0,0,0,0,0,0,0,0,,,,,,,,,,
Kristin ,Mendoza     ,Kristin Mendoza     ,Mrs.,Mrs. Kristin Mendoza,2909 Frank Avenue,Anaheim,CA,US,92805,0,,Kristin.T.Mendoza@spambob.com,865-685-8215,Diners Club,,WE154 ,FR,7.00E+14,3.65E+13,,10095,6009,00:00.0,07:36.4,18.99,NW379 ,00:00.0,"Sunday, January 3, 2016",age-55,97.72,complete,Phone,Frequent,MediumValue,GEN_Z,0,1,1,0,0,0,0,1,1,0,0,0,0,0,0,0,0,0,0,0,0,0,0,0,1,0,0,0,0,,,,,,,,,,
Michael ,Gordon      ,Michael Gordon      ,Mr.,Mr. Michael Gordon,388 Kelly Drive,Ancona,AN,IT,60123,0,,Michael.S.Gordon@dodgeit.com,0373 6095994,Diners Club,,RP385 ,U.S.,316290001,3.62E+13,,10099,5481,00:00.0,11:26.3,8.99,RP385 ,00:00.0,"Monday, June 20, 2016",63,33.34,complete,Phone,Occasional,LowValue,BABY_BOOMERS,0,0,0,0,0,0,0,0,0,0,1,0,1,0,0,0,1,0,0,0,1,0,0,0,0,0,0,0,0,,,,,,,,,,
Phyllis ,White       ,Phyllis White       ,Mrs.,Mrs. Phyllis White,4738 Jerry Dove Drive,Angas Plains,SA,AU,5255,0,,Phyllis.J.White@pookmail.com,(02) 4024 5353,American Express,,WE151 ,IT,HCNFEA86A41E274E,3.78E+14,,10103,2118,00:00.0,43:54.6,1.49,NE103 ,00:00.0,"Thursday, October 27, 2016",51,34.95,complete,Phone,Occasional,LowValue,GEN_X,0,0,0,0,0,0,0,0,0,0,0,0,0,0,0,0,0,0,0,0,1,0,0,0,0,0,0,0,0,,,,,,,,,,
Phyllis ,White       ,Phyllis White       ,Mrs.,Mrs. Phyllis White,4738 Jerry Dove Drive,Angas Plains,SA,AU,5255,0,,Phyllis.J.White@pookmail.com,(02) 4024 5353,American Express,,WE151 ,IT,HCNFEA86A41E274E,3.72E+14,,10103,3746,00:00.0,27:55.6,6.37,SW217 ,00:00.0,"Thursday, October 6, 2016",51,10.85,complete,Phone,Occasional,LowValue,GEN_X,0,0,0,0,0,0,0,0,0,0,1,0,0,0,0,0,0,0,0,0,0,0,0,0,0,0,0,0,0,,,,,,,,,,
Phyllis ,White       ,Phyllis White       ,Mrs.,Mrs. Phyllis White,4738 Jerry Dove Drive,Angas Plains,SA,AU,5255,0,,Phyllis.J.White@pookmail.com,(02) 4024 5353,American Express,,WE151 ,IT,HCNFEA86A41E274E,3.48E+14,,10103,4425,00:00.0,34:16.6,2.87,WE355 ,00:00.0,"Tuesday, December 20, 2016",51,20.89,complete,Phone,Occasional,LowValue,GEN_X,0,0,0,0,0,0,0,0,0,0,1,0,1,1,0,0,1,0,0,0,1,0,0,0,0,0,0,0,0,,,,,,,,,,
Phyllis ,White       ,Phyllis White       ,Mrs.,Mrs. Phyllis White,4738 Jerry Dove Drive,Angas Plains,SA,AU,5255,0,,Phyllis.J.White@pookmail.com,(02) 4024 5353,American Express,,WE151 ,IT,HCNFEA86A41E274E,3.46E+14,,10103,4942,47:25.0,47:25.4,18.45,NE109 ,47:25.0,"Sunday, May 8, 2016",51,33.7,in-progress,Phone,Occasional,LowValue,GEN_X,1,0,0,0,0,0,0,0,0,0,0,0,0,0,0,0,0,0,0,0,0,0,0,0,0,0,0,0,0,,,,,,,,,,
Katherine ,Mullins   ,Katherine Mullins   ,Mrs.,Mrs. Katherine Mullins,4245 Adamsville Road,Angwin,CA,US,94508,0,,Katherine.W.Mullins@spambob.com,503-688-0336,Diners Club,,NC424 ,ES,X6490143A,3.60E+13,,10107,825,00:00.0,59:06.2,6.38,WE349 ,00:00.0,"Monday, June 27, 2016",64,16.56,complete,Phone,Occasional,LowValue,BABY_BOOMERS,0,0,0,0,1,0,0,0,0,0,0,0,0,0,0,0,0,0,0,0,0,0,0,0,0,0,0,0,0,,,,,,,,,,
Katherine ,Mullins   ,Katherine Mullins   ,Mrs.,Mrs. Katherine Mullins,4245 Adamsville Road,Angwin,CA,US,94508,0,,Katherine.W.Mullins@spambob.com,503-688-0336,Diners Club,,NC424 ,ES,X6490143A,3.61E+13,,10107,2024,00:00.0,32:45.1,17.87,RP190 ,00:00.0,"Wednesday, June 15, 2016",64,8.71,cancelled,Phone,Occasional,LowValue,BABY_BOOMERS,0,0,0,0,0,0,0,0,0,0,0,0,0,1,0,0,0,0,0,0,0,0,0,0,0,0,0,0,0,,,,,,,,,,
Katherine ,Mullins   ,Katherine Mullins   ,Mrs.,Mrs. Katherine Mullins,4245 Adamsville Road,Angwin,CA,US,94508,0,,Katherine.W.Mullins@spambob.com,503-688-0336,Diners Club,,NC424 ,ES,X6490143A,3.68E+13,,10107,2582,00:00.0,33:26.3,8.99,WE154 ,00:00.0,"Tuesday, September 20, 2016",64,25.77,complete,Phone,Occasional,LowValue,BABY_BOOMERS,0,0,0,0,0,0,0,0,0,0,1,0,1,1,0,0,1,0,0,0,1,0,0,0,0,0,0,0,0,,,,,,,,,,
Katherine ,Mullins   ,Katherine Mullins   ,Mrs.,Mrs. Katherine Mullins,4245 Adamsville Road,Angwin,CA,US,94508,0,,Katherine.W.Mullins@spambob.com,503-688-0336,Diners Club,,NC424 ,ES,X6490143A,3.66E+13,,10107,7943,00:00.0,27:56.4,21.97,SE268 ,00:00.0,"Friday, December 16, 2016",64,46.92,complete,Phone,Occasional,LowValue,BABY_BOOMERS,0,0,0,0,0,0,0,0,0,0,1,0,1,1,0,0,1,0,0,0,1,0,0,0,0,0,0,0,0,,,,,,,,,,
Lisa ,Guest          ,Lisa Guest          ,Mrs.,Mrs. Lisa Guest,4317 Lyon Avenue,Annone Veneto,VE,IT,30020,0,,Lisa.D.Guest@spambob.com,0312 0608733,Diners Club,,NE235 ,ES,4204474M,3.66E+13,,10111,5147,00:00.0,23:54.6,14.8,NC295 ,00:00.0,"Saturday, February 27, 2016",19,22.02,cancelled,Phone,Frequent,LowValue,GEN_Z,0,0,0,0,0,0,0,0,0,0,1,0,1,1,0,0,1,0,0,0,1,0,0,0,0,0,0,0,0,,,,,,,,,,
Lisa ,Guest          ,Lisa Guest          ,Mrs.,Mrs. Lisa Guest,4317 Lyon Avenue,Annone Veneto,VE,IT,30020,0,,Lisa.D.Guest@spambob.com,0312 0608733,Diners Club,,NE235 ,ES,4204474M,3.61E+13,,10111,8444,00:00.0,59:36.2,17.87,SC199 ,00:00.0,"Tuesday, December 27, 2016",19,31.3,complete,Phone,Frequent,LowValue,GEN_Z,0,0,0,0,0,0,0,0,0,0,1,0,1,1,0,0,1,0,0,0,1,0,0,0,0,0,0,0,0,,,,,,,,,,
Scott ,Lawson        ,Scott Lawson        ,Mr.,Mr. Scott Lawson,3105 Spadafore Drive,Antioch,WI,US,60002,0,,Scott.M.Lawson@spambob.com,201-799-5873,JCB,,SE133 ,CA,518957246,3.53E+15,,10115,479,00:00.0,22:36.6,18.99,WE421 ,00:00.0,"Tuesday, April 19, 2016",NA,7.02,complete,Desktop,Occasional,LowValue,GEN_Z,1,0,0,0,0,0,0,0,0,0,0,0,0,1,0,0,0,0,0,0,0,0,0,0,0,0,0,0,0,,,,,,,,,,
Scott ,Lawson        ,Scott Lawson        ,Mr.,Mr. Scott Lawson,3105 Spadafore Drive,Antioch,WI,US,60002,0,,Scott.M.Lawson@spambob.com,201-799-5873,JCB,,SE133 ,CA,518957246,3.53E+15,,10115,1059,47:25.0,47:25.4,27.97,SW211 ,47:25.0,"Sunday, May 8, 2016",NA,127.03,in-progress,Phone,Occasional,MediumValue,GEN_Z,0,0,0,1,1,0,0,0,0,0,1,0,0,1,0,0,0,0,0,1,1,0,0,0,0,0,0,0,0,,,,,,,,,,
Robert ,Bilbo        ,Robert Bilbo        ,Mr.,Mr. Robert Bilbo,2553 Clousson Road,Appiano Gentile,CO,IT,22070,0,,Robert.L.Bilbo@dodgeit.com,0390 9449254,JCB,,SC196 ,IT,QIEZKO91C65L851P,3.53E+15,,10119,1969,00:00.0,57:39.4,26.87,SW142 ,00:00.0,"Saturday, April 30, 2016",49,39.74,complete,Phone,Occasional,LowValue,GEN_X,0,0,0,0,0,0,0,0,0,0,1,0,1,1,0,0,1,0,0,0,0,0,0,0,0,0,0,0,0,,,,,,,,,,
Ahmed ,Richard       ,Ahmed Richard       ,Mr.,Mr. Ahmed Richard,1346 Carter Street,Appleton,WI,US,54911,0,,Ahmed.P.Richard@mailinator.com,510-517-7759,JCB,,SW214 ,U.S.,229990001,3.53E+15,,10123,4564,00:00.0,43:52.6,24.08,SW274 ,00:00.0,"Monday, January 25, 2016",20,44.29,complete,Phone,FirstTime,LowValue,GEN_Z,0,0,0,0,0,0,0,0,0,0,0,0,0,0,0,0,0,0,0,0,0,0,1,0,0,0,0,0,0,,,,,,,,,,
Ahmed ,Richard       ,Ahmed Richard       ,Mr.,Mr. Ahmed Richard,1346 Carter Street,Appleton,WI,US,54911,0,,Ahmed.P.Richard@mailinator.com,510-517-7759,JCB,,SW214 ,U.S.,229990001,3.53E+15,,10123,6596,00:00.0,32:50.8,16.27,NW247 ,00:00.0,"Friday, January 15, 2016",20,46.36,cancelled,Phone,FirstTime,LowValue,GEN_Z,0,0,0,0,0,0,0,0,0,0,0,0,0,0,0,0,0,0,0,0,0,0,1,0,0,0,0,0,0,,,,,,,,,,
Ahmed ,Richard       ,Ahmed Richard       ,Mr.,Mr. Ahmed Richard,1346 Carter Street,Appleton,WI,US,54911,0,,Ahmed.P.Richard@mailinator.com,510-517-7759,JCB,,SW214 ,U.S.,229990001,3.53E+15,,10123,7325,00:00.0,33:44.9,11.45,NW112 ,00:00.0,"Monday, May 30, 2016",20,227.61,complete,Phone,FirstTime,HighValue,GEN_Z,0,0,0,0,0,0,0,0,0,1,0,0,0,0,0,1,0,0,0,0,0,0,0,0,0,1,0,1,1,,,,,,,,,,
Ahmed ,Richard       ,Ahmed Richard       ,Mr.,Mr. Ahmed Richard,1346 Carter Street,Appleton,WI,US,54911,0,,Ahmed.P.Richard@mailinator.com,510-517-7759,JCB,,SW214 ,U.S.,229990001,3.53E+15,,10123,7496,00:00.0,32:50.8,18.45,NW247 ,00:00.0,"Friday, January 15, 2016",20,11.61,complete,Phone,FirstTime,LowValue,GEN_Z,0,0,0,0,0,0,0,0,0,0,1,0,1,1,0,0,1,0,0,0,1,0,0,0,0,0,0,0,0,,,,,,,,,,
Ahmed ,Richard       ,Ahmed Richard       ,Mr.,Mr. Ahmed Richard,1346 Carter Street,Appleton,WI,US,54911,0,,Ahmed.P.Richard@mailinator.com,510-517-7759,JCB,,SW214 ,U.S.,229990001,3.53E+15,,10123,7989,00:00.0,47:55.6,17.23,WE151 ,00:00.0,"Friday, April 29, 2016",20,30.5,complete,Desktop,FirstTime,LowValue,GEN_Z,0,0,0,0,0,0,0,0,0,0,1,0,1,1,0,0,1,0,0,0,1,0,0,0,0,0,0,0,0,,,,,,,,,,
Ray ,Hornsby         ,Ray Hornsby         ,Mr.,Mr. Ray Hornsby,555 DaVISAA Avenue,Archez,,ES,29753,0,,Ray.M.Hornsby@pookmail.com,91-271-2747,VISA,,SC388 ,IT,TMWEAA77M18B017F,4.84E+15,,10127,3665,00:00.0,07:36.4,8.99,WE352 ,00:00.0,"Monday, January 4, 2016",49,17.29,complete,Phone,Occasional,LowValue,GEN_X,0,0,0,0,0,0,1,0,0,0,0,0,0,1,0,0,0,0,0,0,0,0,0,0,0,0,0,0,0,,,,,,,,,,
Jason ,Glass         ,Jason Glass         ,Miss.,Miss. Jason Glass,289 Bassell Avenue,Argenton,NSW,AU,2284,0,,Jason.M.Glass@spambob.com,(07) 4090 2386,Diners Club,,RP121 ,IT,HCNMPL50M67G315Q,3.64E+13,,10131,1866,00:00.0,17:24.6,7.02,NC100 ,00:00.0,"Saturday, August 20, 2016",78,161.59,complete,Desktop,Frequent,HighValue,BABY_BOOMERS,0,0,0,1,0,0,0,0,0,0,0,0,0,0,0,1,0,1,1,1,1,1,0,0,0,0,1,0,0,,,,,,,,,,
Jason ,Glass         ,Jason Glass         ,Miss.,Miss. Jason Glass,289 Bassell Avenue,Argenton,NSW,AU,2284,0,,Jason.M.Glass@spambob.com,(07) 4090 2386,Diners Club,,RP121 ,IT,HCNMPL50M67G315Q,3.69E+13,,10131,5009,00:00.0,43:54.6,8.23,NW187 ,00:00.0,"Saturday, October 22, 2016",78,145.28,abandoned,Desktop,Frequent,MediumValue,BABY_BOOMERS,0,1,1,0,0,0,0,0,0,0,0,1,0,0,0,0,0,0,0,0,1,0,0,0,0,0,0,0,0,,,,,,,,,,
Jason ,Glass         ,Jason Glass         ,Miss.,Miss. Jason Glass,289 Bassell Avenue,Argenton,NSW,AU,2284,0,,Jason.M.Glass@spambob.com,(07) 4090 2386,Diners Club,,RP121 ,IT,HCNMPL50M67G315Q,3.65E+13,,10131,7982,47:25.0,47:25.4,23.12,WE289 ,47:25.0,"Sunday, May 8, 2016",78,205.85,complete,Desktop,Frequent,HighValue,BABY_BOOMERS,0,0,1,0,1,0,0,0,0,1,0,0,0,0,0,1,0,1,0,0,0,1,0,1,0,0,0,1,1,,,,,,,,,,
Natalie ,White       ,Natalie White       ,Mrs.,Mrs. Natalie White,3233 Rivendell Drive,Arlington,TX,US,76011,0,,Natalie.D.White@dodgeit.com,916-866-4992,VISA,,SE397 ,ES,4674010L,4.66E+15,,10135,5052,00:00.0,11:26.3,7.85,SE136 ,00:00.0,"Saturday, September 10, 2016",NA,220.34,complete,Phone,Occasional,HighValue,GEN_Z,0,0,0,0,0,0,0,0,0,0,0,0,0,0,1,1,1,1,1,0,1,0,1,0,0,1,0,0,0,,,,,,,,,,
Natalie ,White       ,Natalie White       ,Mrs.,Mrs. Natalie White,3233 Rivendell Drive,Arlington,TX,US,76011,0,,Natalie.D.White@dodgeit.com,916-866-4992,VISA,,SE397 ,ES,4674010L,4.90E+15,,10135,7836,00:00.0,29:06.2,33.85,NC298 ,00:00.0,"Wednesday, July 27, 2016",NA,281.44,complete,Desktop,Occasional,HighValue,GEN_Z,0,0,0,0,0,0,0,0,0,1,0,0,0,0,0,1,0,0,1,0,0,0,0,0,0,0,0,1,1,,,,,,,,,,
Donna ,Klock         ,Donna Klock         ,Mrs.,Mrs. Donna Klock,3107 Byers Lane,Arlington,NE,US,68002,0,,Donna.K.Klock@spambob.com,319-482-8591,VISA,,SC127 ,U.S.,492230001,4.14E+15,,10139,4045,00:00.0,33:44.8,52,NW184 ,00:00.0,"Tuesday, December 20, 2016",53,40.12,complete,Phone,Occasional,LowValue,BABY_BOOMERS,0,0,0,0,0,0,0,0,0,0,1,0,1,1,0,0,1,0,0,0,1,0,0,0,0,0,0,0,0,,,,,,,,,,
Donna ,Klock         ,Donna Klock         ,Mrs.,Mrs. Donna Klock,3107 Byers Lane,Arlington,NE,US,68002,0,,Donna.K.Klock@spambob.com,319-482-8591,VISA,,SC127 ,U.S.,492230001,4.54E+15,,10139,4082,00:00.0,32:50.8,16.83,NW247 ,00:00.0,"Friday, January 15, 2016",53,28.48,complete,Phone,Occasional,LowValue,BABY_BOOMERS,0,0,0,0,0,0,0,0,0,0,1,0,1,0,0,0,1,0,0,0,0,0,0,0,0,0,0,0,0,,,,,,,,,,
Donna ,Klock         ,Donna Klock         ,Mrs.,Mrs. Donna Klock,3107 Byers Lane,Arlington,NE,US,68002,0,,Donna.K.Klock@spambob.com,319-482-8591,VISA,,SC127 ,U.S.,492230001,4.93E+15,,10139,6973,47:25.0,47:25.4,13.82,NC163 ,47:25.0,"Sunday, May 8, 2016",53,25.83,complete,Phone,Occasional,LowValue,BABY_BOOMERS,0,0,0,0,0,0,0,0,0,0,1,0,1,1,0,0,1,0,0,0,1,0,0,0,0,0,0,0,0,,,,,,,,,,
Donna ,Klock         ,Donna Klock         ,Mrs.,Mrs. Donna Klock,3107 Byers Lane,Arlington,NE,US,68002,0,,Donna.K.Klock@spambob.com,319-482-8591,VISA,,SC127 ,U.S.,492230001,4.43E+15,,10139,8786,00:00.0,07:24.5,7.85,NW382 ,00:00.0,"Saturday, October 8, 2016",53,42.85,in-progress,Phone,Occasional,LowValue,BABY_BOOMERS,0,0,0,0,0,0,0,0,0,0,1,0,1,1,0,0,1,0,0,0,1,0,0,0,0,0,0,0,0,,,,,,,,,,
Donald ,Velazquez    ,Donald Velazquez    ,Mr.,Mr. Donald Velazquez,224 Gandy Street,Aschersleben,,DE,6431,0,,Donald.H.Velazquez@pookmail.com,08321 88 88 19,JCB,,WE154 ,IT,NPPGZI62A63B394C,3.53E+15,,10147,1102,00:00.0,47:55.6,8.99,WE151 ,00:00.0,"Friday, April 29, 2016",age-19,6.47,complete,Phone,FirstTime,LowValue,GEN_Z,0,0,0,0,0,0,0,0,0,0,1,0,1,1,0,0,1,0,0,0,1,0,0,0,0,0,0,0,0,,,,,,,,,,
Donald ,Velazquez    ,Donald Velazquez    ,Mr.,Mr. Donald Velazquez,224 Gandy Street,Aschersleben,,DE,6431,0,,Donald.H.Velazquez@pookmail.com,08321 88 88 19,JCB,,WE154 ,IT,NPPGZI62A63B394C,3.53E+15,,10147,5244,00:00.0,33:26.3,17.6,NC229 ,00:00.0,"Sunday, November 20, 2016",age-19,93.67,cancelled,Desktop,FirstTime,MediumValue,GEN_Z,0,0,0,0,0,0,0,1,0,0,0,0,0,0,1,0,0,0,0,1,0,0,1,0,0,0,0,0,0,,,,,,,,,,
Harry ,Brumback      ,Harry Brumback      ,Mr.,Mr. Harry Brumback,45 Graystone Lakes,Asheboro,NC,US,27203,0,,Harry.L.Brumback@dodgeit.com,773-577-9355,Discover,,SW406 ,FR,7.83E+14,6.01E+15,,10151,5206,00:00.0,29:06.2,7.02,NC298 ,00:00.0,"Wednesday, July 27, 2016",75,47.02,complete,Desktop,Frequent,LowValue,BABY_BOOMERS,0,0,0,0,0,0,0,0,0,0,1,0,1,1,0,0,1,0,0,0,0,0,0,0,0,0,0,0,0,,,,,,,,,,
Harry ,Brumback      ,Harry Brumback      ,Mr.,Mr. Harry Brumback,45 Graystone Lakes,Asheboro,NC,US,27203,0,,Harry.L.Brumback@dodgeit.com,773-577-9355,Discover,,SW406 ,FR,7.83E+14,6.01E+15,,10151,5252,00:00.0,29:06.2,13.82,SE208 ,00:00.0,"Tuesday, March 1, 2016",75,217.37,cancelled,Desktop,Frequent,HighValue,BABY_BOOMERS,0,0,1,0,0,0,0,0,0,1,0,0,0,0,0,1,0,0,0,1,0,1,1,0,0,1,0,0,0,,,,,,,,,,
Harry ,Brumback      ,Harry Brumback      ,Mr.,Mr. Harry Brumback,45 Graystone Lakes,Asheboro,NC,US,27203,0,,Harry.L.Brumback@dodgeit.com,773-577-9355,Discover,,SW406 ,FR,7.83E+14,6.01E+15,,10151,8270,00:00.0,23:44.8,14.28,NW244 ,00:00.0,"Thursday, December 15, 2016",75,48.8,complete,Desktop,Frequent,LowValue,BABY_BOOMERS,0,0,0,0,0,0,0,0,0,0,1,0,0,0,0,0,0,0,0,0,0,0,0,0,0,0,0,0,0,,,,,,,,,,
Harold ,Magee        ,Harold Magee        ,Mr.,Mr. Harold Magee,565 Cinnamon Lane,Ashland,VA,US,23005,0,,Harold.A.Magee@mailinator.com,503-308-1831,American Express,,NW310 ,UK,YS731666A,3.76E+14,,10155,1267,00:00.0,50:44.9,21.97,WE223 ,00:00.0,"Friday, October 7, 2016",40,22.38,complete,Phone,Occasional,LowValue,GEN_Y,0,0,0,0,0,0,0,0,0,0,1,0,0,0,0,0,0,0,0,0,0,0,0,0,0,0,0,0,0,,,,,,,,,,
Harold ,Magee        ,Harold Magee        ,Mr.,Mr. Harold Magee,565 Cinnamon Lane,Ashland,VA,US,23005,0,,Harold.A.Magee@mailinator.com,503-308-1831,American Express,,NW310 ,UK,YS731666A,3.43E+14,,10155,2983,00:00.0,27:55.0,28.55,NE172 ,00:00.0,"Saturday, October 8, 2016",40,17.02,complete,Phone,Occasional,LowValue,GEN_Y,0,0,0,0,1,0,0,0,0,0,1,0,0,0,0,0,0,0,0,0,0,0,0,0,0,0,0,0,0,,,,,,,,,,
Harold ,Magee        ,Harold Magee        ,Mr.,Mr. Harold Magee,565 Cinnamon Lane,Ashland,VA,US,23005,0,,Harold.A.Magee@mailinator.com,503-308-1831,American Express,,NW310 ,UK,YS731666A,3.76E+14,,10155,5455,00:00.0,17:24.6,23.37,NC100 ,00:00.0,"Saturday, August 20, 2016",40,19.35,complete,Phone,Occasional,LowValue,GEN_Y,0,0,0,0,0,0,0,0,0,0,1,0,0,0,0,0,0,0,0,1,0,0,0,0,0,0,1,0,0,,,,,,,,,,
Harold ,Magee        ,Harold Magee        ,Mr.,Mr. Harold Magee,565 Cinnamon Lane,Ashland,VA,US,23005,0,,Harold.A.Magee@mailinator.com,503-308-1831,American Express,,NW310 ,UK,YS731666A,3.45E+14,,10155,8471,00:00.0,47:52.6,21.97,WE157 ,00:00.0,"Monday, April 25, 2016",40,30.45,abandoned,Phone,Occasional,LowValue,GEN_Y,0,0,0,0,0,0,0,0,0,0,1,0,1,0,0,0,1,0,0,0,0,0,0,0,0,0,0,0,0,,,,,,,,,,
Harold ,Magee        ,Harold Magee        ,Mr.,Mr. Harold Magee,  565 Cinnamon Lane,Ashland,VA,US,23005,0,,Harold.A.Magee@mailinator.com,503-308-1831,American Express,,NW310 ,UK,YS731666A,3.49E+14,,10155,8974,00:00.0,32:50.8,17.6,NW247 ,00:00.0,"Friday, January 15, 2016",40,40.62,complete,Phone,Occasional,LowValue,GEN_Y,0,0,0,0,0,0,0,0,0,0,0,1,0,0,0,0,0,0,0,0,0,0,0,0,0,0,0,0,0,,,,,,,,,,
Melba ,Whitehead     ,Melba Whitehead     ,Mrs.,Mrs. Melba Whitehead,4985 Barnes Avenue,Asquith,NSW,AU,2077,0,,Melba.M.Whitehead@trashymail.com,(07) 4507 5357,American Express,,RP121 ,ES,0568157B,3.41E+14,,10159,601,00:00.0,44:16.6,33.85,NE178 ,00:00.0,"Tuesday, December 20, 2016",53,28.95,complete,Phone,Occasional,LowValue,BABY_BOOMERS,0,0,0,0,0,0,0,0,0,0,1,0,1,1,0,0,1,0,0,0,0,0,0,0,0,0,0,0,0,,,,,,,,,,
Melba ,Whitehead     ,Melba Whitehead     ,Mrs.,Mrs. Melba Whitehead,4985 Barnes Avenue,Asquith,NSW,AU,2077,0,,Melba.M.Whitehead@trashymail.com,(07) 4507 5357,American Express,,RP121 ,ES,0568157B,3.76E+14,,10159,810,00:00.0,11:26.3,7.02,RP385 ,00:00.0,"Monday, June 20, 2016",53,7.89,complete,Phone,Occasional,LowValue,BABY_BOOMERS,1,0,0,0,0,0,0,0,0,0,0,0,0,0,0,0,0,0,0,0,0,0,0,0,0,0,0,0,0,,,,,,,,,,
Melba ,Whitehead     ,Melba Whitehead     ,Mrs.,Mrs. Melba Whitehead,4985 Barnes Avenue,Asquith,NSW,AU,2077,0,,Melba.M.Whitehead@trashymail.com,(07) 4507 5357,American Express,,RP121 ,ES,0568157B,3.46E+14,,10159,3072,00:00.0,43:54.8,11.45,NC364 ,00:00.0,"Monday, December 12, 2016",53,45.27,complete,Phone,Occasional,LowValue,BABY_BOOMERS,0,0,0,0,0,0,0,0,0,0,1,0,1,1,0,0,1,0,0,0,1,0,0,0,0,0,0,0,0,,,,,,,,,,
Melba ,Whitehead     ,Melba Whitehead     ,Mrs.,Mrs. Melba Whitehead,4985 Barnes Avenue,Asquith,NSW,AU,2077,0,,Melba.M.Whitehead@trashymail.com,(07) 4507 5357,American Express,,RP121 ,ES,0568157B,3.47E+14,,10159,4170,00:00.0,07:39.4,16.85,SC256 ,00:00.0,"Monday, November 14, 2016",53,8.46,cancelled,Phone,Occasional,LowValue,BABY_BOOMERS,0,0,0,0,0,0,0,0,0,0,0,0,0,1,0,0,0,0,0,0,0,0,0,0,0,0,0,0,0,,,,,,,,,,
Melba ,Whitehead     ,Melba Whitehead     ,Mrs.,Mrs. Melba Whitehead,4985 Barnes Avenue,Asquith,NSW,AU,2077,0,,Melba.M.Whitehead@trashymail.com,(07) 4507 5357,American Express,,RP121 ,ES,0568157B,3.40E+14,,10159,7795,00:00.0,11:26.3,16.33,NC169 ,00:00.0,"Monday, June 20, 2016",53,800.9,complete,Phone,Occasional,LowValue,BABY_BOOMERS,0,0,0,0,0,0,0,0,0,0,1,0,1,1,0,0,1,0,0,0,1,0,0,0,0,0,0,0,0,,,,,,,,,,
Ivan ,Case           ,Ivan Case           ,Mr.,Mr. Ivan Case,2540 School Street,Athens,TX,US,75751,0,,Ivan.J.Case@dodgeit.com,512-391-4111,Diners Club,,SC130 ,U.S.,23868154,3.69E+13,,10163,1566,00:00.0,33:26.3,6.37,SE397 ,00:00.0,"Tuesday, December 20, 2016",27,190.12,complete,Desktop,FirstTime,HighValue,GEN_Y,0,1,0,0,0,1,0,0,0,1,0,0,0,0,0,1,0,0,1,0,0,1,0,0,0,0,0,0,0,,,,,,,,,,
Ivan ,Case           ,Ivan Case           ,Mr.,Mr. Ivan Case,2540 School Street,Athens,TX,US,75751,0,,Ivan.J.Case@dodgeit.com,512-391-4111,Diners Club,,SC130 ,U.S.,23868154,3.62E+13,,10163,1740,00:00.0,36:44.9,13.33,RP319 ,00:00.0,"Wednesday, July 20, 2016",27,282.85,in-progress,Phone,FirstTime,HighValue,GEN_Y,0,0,1,0,0,0,0,0,0,1,0,0,0,0,1,1,0,1,0,0,0,1,0,1,0,0,0,1,1,,,,,,,,,,
Bob ,Davenport       ,Bob Davenport       ,Mr.,Mr. Bob Davenport,488 Lonely Oak Drive,Atlanta,GA,US,30345,0,,Bob.N.Davenport@pookmail.com,512-912-9995,Discover,,NE103 ,FR,1.28E+14,6.01E+15,,10167,1901,00:00.0,11:26.3,11.88,SE136 ,00:00.0,"Saturday, September 10, 2016",NA,267.24,complete,Phone,Frequent,HighValue,GEN_Z,0,0,0,0,0,0,1,0,0,1,0,0,0,0,0,1,0,1,0,1,0,0,0,1,0,1,0,0,1,,,,,,,,,,
Jennifer ,Howard     ,Jennifer Howard     ,Mrs.,Mrs. Jennifer Howard,3339 Twin Willow Lane,Atlanta,GA,US,30329,0,,Jennifer.M.Howard@spambob.com,559-927-9392,Discover,,SC199 ,IT,SQOOUI42T60G511Z,6.01E+15,,10171,2171,00:00.0,58:44.9,18.99,SW343 ,00:00.0,"Monday, May 30, 2016",NA,50.67,complete,Phone,FirstTime,LowValue,GEN_Z,0,0,0,0,0,0,0,0,0,0,0,0,0,1,0,0,0,0,0,0,0,0,0,0,0,0,0,0,0,,,,,,,,,,
Jennifer ,Howard     ,Jennifer Howard     ,Mrs.,Mrs. Jennifer Howard,3339 Twin Willow Lane,Atlanta,GA,US,30329,0,,Jennifer.M.Howard@spambob.com,559-927-9392,Discover,,SC199 ,IT,SQOOUI42T60G511Z,6.01E+15,,10171,7867,00:00.0,29:06.2,8.99,NC358 ,00:00.0,"Saturday, July 23, 2016",NA,26.97,cancelled,Phone,FirstTime,LowValue,GEN_Z,0,0,1,0,0,0,0,0,0,0,1,0,0,0,0,0,0,0,0,0,0,0,0,0,0,0,0,0,0,,,,,,,,,,
Jennifer ,Howard     ,Jennifer Howard     ,Mrs.,Mrs. Jennifer Howard,3339 Twin Willow Lane,Atlanta,GA,US,30329,0,,Jennifer.M.Howard@spambob.com,559-927-9392,Discover,,SC199 ,IT,SQOOUI42T60G511Z,6.01E+15,,10171,8182,00:00.0,22:36.6,6.87,NE238 ,00:00.0,"Thursday, May 19, 2016",NA,7.12,complete,Phone,FirstTime,LowValue,GEN_Z,0,0,0,0,0,0,0,0,0,0,1,0,1,1,0,0,1,0,0,0,1,0,0,0,0,0,0,0,0,,,,,,,,,,
Jana ,Hall           ,Jana Hall           ,Mrs.,Mrs. Jana Hall,2050 Randolph Street,Atlantic City,NJ,US,8401,0,,Jana.R.Hall@mailinator.com,410-971-3586,American Express,,NC361 ,ES,X4152416L,3.71E+14,,10179,5684,00:00.0,13:54.6,18.99,SE400 ,00:00.0,"Sunday, July 3, 2016",30,29.89,complete,Phone,Occasional,LowValue,GEN_Y,0,0,0,0,0,0,0,0,0,0,1,0,1,1,0,0,1,0,0,0,1,0,0,0,0,0,0,0,0,,,,,,,,,,
Jana ,Hall           ,Jana Hall           ,Mrs.,Mrs. Jana Hall,2050 Randolph Street,Atlantic City,NJ,US,8401,0,,Jana.R.Hall@mailinator.com,410-971-3586,American Express,,NC361 ,ES,X4152416L,3.40E+14,,10179,8402,00:00.0,43:52.6,23.37,SW274 ,00:00.0,"Monday, January 25, 2016",30,49.78,in-progress,Phone,Occasional,LowValue,GEN_Y,0,1,0,0,0,0,0,0,1,0,1,0,0,0,0,0,0,0,0,0,0,0,0,0,0,0,0,0,0,,,,,,,,,,
Arlene ,Cruz         ,Arlene Cruz         ,Mrs.,Mrs. Arlene Cruz,4858 Bottom Lane,Auburn,WA,US,98002,0,,Arlene.M.Cruz@mailinator.com,817-905-6598,JCB,,SW211 ,IT,CQQVJC41M50H989G,3.53E+15,,10183,2269,00:00.0,32:45.1,7.12,RP190 ,00:00.0,"Wednesday, June 15, 2016",35,30.79,complete,Phone,Occasional,LowValue,GEN_Y,0,0,0,0,0,0,0,0,0,0,1,0,1,1,0,0,1,0,0,0,1,0,0,0,0,0,0,0,0,,,,,,,,,,
Arlene ,Cruz         ,Arlene Cruz         ,Mrs.,Mrs. Arlene Cruz,4858 Bottom Lane,Auburn,WA,US,98002,0,,Arlene.M.Cruz@mailinator.com,817-905-6598,JCB,,SW211 ,IT,CQQVJC41M50H989G,3.53E+15,,10183,6950,00:00.0,27:55.6,10.45,SW217 ,00:00.0,"Thursday, October 6, 2016",35,42.66,complete,Phone,Occasional,LowValue,GEN_Y,0,1,0,0,0,0,0,0,1,0,1,0,0,0,0,0,0,0,0,0,0,0,0,0,0,0,0,0,0,,,,,,,,,,
Mildred ,Carey       ,Mildred Carey       ,Mrs.,Mrs. Mildred Carey,3362 Post Avenue,Aulnay-sous-bois,,FR,93600,0,,Mildred.M.Carey@mailinator.com,03.43.65.57.75,American Express,,NE373 ,ES,5876860S,3.43E+14,,10187,1385,00:00.0,50:44.9,7.12,WE223 ,00:00.0,"Friday, October 7, 2016",75,150.79,cancelled,Desktop,Frequent,MediumValue,BABY_BOOMERS,0,0,0,0,1,0,0,0,0,0,0,1,0,0,0,0,1,0,0,0,1,0,0,0,1,0,0,0,0,,,,,,,,,,
Mildred ,Carey       ,Mildred Carey       ,Mrs.,Mrs. Mildred Carey,3362 Post Avenue,Aulnay-sous-bois,,FR,93600,0,,Mildred.M.Carey@mailinator.com,03.43.65.57.75,American Express,,NE373 ,ES,5876860S,3.47E+14,,10187,2039,00:00.0,27:55.6,27.97,SE271 ,00:00.0,"Sunday, October 9, 2016",75,219.64,complete,Desktop,Frequent,HighValue,BABY_BOOMERS,0,0,0,0,0,0,0,0,0,1,0,0,0,0,0,1,0,1,0,0,0,1,0,0,0,0,0,1,0,,,,,,,,,,
Mildred ,Carey       ,Mildred Carey       ,Mrs.,Mrs. Mildred Carey,3362 Post Avenue,Aulnay-sous-bois,,FR,93600,0,,Mildred.M.Carey@mailinator.com,03.43.65.57.75,American Express,,NE373 ,ES,5876860S,3.71E+14,,10187,2961,00:00.0,11:26.3,19.25,SE136 ,00:00.0,"Saturday, September 10, 2016",75,260.84,complete,Phone,Frequent,HighValue,BABY_BOOMERS,0,0,0,0,0,0,0,0,0,0,0,0,0,0,0,1,0,0,1,0,0,1,0,0,0,1,0,0,0,,,,,,,,,,
Mildred ,Carey       ,Mildred Carey       ,Mrs.,Mrs. Mildred Carey,3362 Post Avenue,Aulnay-sous-bois,,FR,93600,0,,Mildred.M.Carey@mailinator.com,03.43.65.57.75,American Express,,NE373 ,ES,5876860S,3.41E+14,,10187,3576,00:00.0,27:56.4,11.15,SE268 ,00:00.0,"Friday, December 16, 2016",75,260.57,complete,Desktop,Frequent,HighValue,BABY_BOOMERS,0,0,0,0,0,0,0,0,0,1,0,0,0,0,0,0,1,0,1,0,1,0,0,0,0,1,0,1,1,,,,,,,,,,
Yasmin ,Cole         ,Yasmin Cole         ,Mrs.,Mrs. Yasmin Cole,2756 Johnson Street,Austin,TX,US,78664,0,,Yasmin.D.Cole@pookmail.com,703-633-1911,VISA,,NC424 ,ES,1062903G,4.76E+15,,10195,1210,00:00.0,29:06.2,23.37,SW406 ,00:00.0,"Friday, March 11, 2016",68,550,complete,Desktop,Occasional,HighValue,BABY_BOOMERS,0,0,0,0,0,0,0,0,0,1,0,0,0,0,0,1,0,0,1,0,0,0,0,0,0,0,0,1,1,,,,,,,,,,
Yasmin ,Cole         ,Yasmin Cole         ,Mrs.,Mrs. Yasmin Cole,2756 Johnson Street,Austin,TX,US,78664,0,,Yasmin.D.Cole@pookmail.com,703-633-1911,VISA,,NC424 ,ES,1062903G,4.28E+15,,10195,1562,00:00.0,57:28.6,24.08,WE226 ,00:00.0,"Tuesday, September 20, 2016",68,31.03,abandoned,Desktop,Occasional,LowValue,BABY_BOOMERS,0,0,0,0,0,0,0,0,0,0,1,0,0,1,0,0,0,0,0,0,0,0,0,0,0,0,0,0,0,,,,,,,,,,
Yasmin ,Cole         ,Yasmin Cole         ,Mrs.,Mrs. Yasmin Cole,2756 Johnson Street,Austin,TX,US,78664,0,,Yasmin.D.Cole@pookmail.com,703-633-1911,VISA,,NC424 ,ES,1062903G,4.03E+15,,10195,1950,00:00.0,29:06.2,13.33,NC358 ,00:00.0,"Saturday, July 23, 2016",68,211.78,complete,Desktop,Occasional,HighValue,BABY_BOOMERS,0,0,0,0,0,1,0,1,0,1,0,0,0,0,0,1,0,1,0,0,1,0,0,0,0,0,0,1,0,,,,,,,,,,
Yasmin ,Cole         ,Yasmin Cole         ,Mrs.,Mrs. Yasmin Cole,2756 Johnson Street,Austin,TX,US,78664,0,,Yasmin.D.Cole@pookmail.com,703-633-1911,VISA,,NC424 ,ES,1062903G,4.39E+15,,10195,4525,00:00.0,44:16.6,10.15,NE178 ,00:00.0,"Tuesday, December 20, 2016",68,235.03,complete,Desktop,Occasional,HighValue,BABY_BOOMERS,0,0,0,0,0,0,0,0,0,1,0,0,0,0,1,1,0,0,0,1,0,1,1,0,0,0,1,1,0,,,,,,,,,,
Yasmin ,Cole         ,Yasmin Cole         ,Mrs.,Mrs. Yasmin Cole,2756 Johnson Street,Austin,TX,US,78664,0,,Yasmin.D.Cole@pookmail.com,703-633-1911,VISA,,NC424 ,ES,1062903G,4.32E+15,,10195,7524,47:25.0,47:25.4,16.25,SC124 ,47:25.0,"Sunday, May 8, 2016",68,240.8,complete,Desktop,Occasional,HighValue,BABY_BOOMERS,0,0,0,0,0,0,0,0,0,1,0,0,0,0,0,1,0,0,1,0,0,0,0,0,0,0,0,0,1,,,,,,,,,,
Jodi ,Bugg           ,Jodi Bugg           ,Mrs.,Mrs. Jodi Bugg,1177 Petunia Way,Avio,TN,IT,38063,0,,Jodi.S.Bugg@spambob.com,0396 3484999,American Express,,NC100 ,FR,2.53E+14,3.45E+14,,10203,1078,00:00.0,27:55.0,16.25,NE172 ,00:00.0,"Saturday, October 8, 2016",38,39.62,complete,Phone,Occasional,LowValue,GEN_Y,0,0,0,0,0,0,0,0,0,0,1,0,1,0,0,0,1,0,0,0,0,0,0,0,0,0,0,0,0,,,,,,,,,,
Jodi ,Bugg           ,Jodi Bugg           ,Mrs.,Mrs. Jodi Bugg,1177 Petunia Way,Avio,TN,IT,38063,0,,Jodi.S.Bugg@spambob.com,0396 3484999,American Express,,NC100 ,FR,2.53E+14,3.70E+14,,10203,7969,00:00.0,34:16.6,26.87,WE355 ,00:00.0,"Tuesday, December 20, 2016",38,11.64,complete,Phone,Occasional,LowValue,GEN_Y,0,0,0,0,0,0,0,0,0,0,1,0,1,1,0,0,1,0,0,0,1,0,0,0,0,0,0,0,0,,,,,,,,,,
Henry ,Williams      ,Henry Williams      ,Mr.,Mr. Henry Williams,303 School Street,Back Plains,QLD,AU,4361,0,,Henry.C.Williams@spambob.com,(03) 5390 3807,American Express,,SW346 ,UK,TS214786A,3.43E+14,,10207,8579,00:00.0,25:36.6,23.12,SE133 ,00:00.0,"Sunday, July 3, 2016",70,22.85,complete,Desktop,Occasional,LowValue,BABY_BOOMERS,0,0,0,0,0,1,0,0,0,0,0,0,0,0,0,0,0,0,0,0,0,0,0,0,0,0,0,0,0,,,,,,,,,,
Allen ,Rice          ,Allen Rice          ,Mr.,Mr. Allen Rice,491 Browning Lane,Badia Di Cava De Tirreni,SA,IT,84010,0,,Allen.L.Rice@pookmail.com,0310 4718739,VISA,,WE223 ,UK,YH860602C,4.43E+15,,10211,3605,47:25.0,47:25.4,13.51,WE289 ,47:25.0,"Sunday, May 8, 2016",NA,77.9,in-progress,Phone,FirstTime,MediumValue,GEN_Z,1,1,0,0,1,0,0,0,1,0,0,0,0,0,0,0,0,0,0,0,0,0,0,0,0,0,0,0,0,,,,,,,,,,
Allen ,Rice          ,Allen Rice          ,Mr.,Mr. Allen Rice,491 Browning Lane,Badia Di Cava De Tirreni,SA,IT,84010,0,,Allen.L.Rice@pookmail.com,0310 4718739,VISA,,WE223 ,UK,YH860602C,4.72E+15,,10211,4985,00:00.0,22:36.6,11.05,NE238 ,00:00.0,"Thursday, May 19, 2016",NA,237.25,complete,Phone,FirstTime,HighValue,GEN_Z,0,0,0,0,0,0,0,0,0,1,0,0,0,0,0,0,0,1,1,0,0,0,0,0,0,1,0,0,0,,,,,,,,,,
Allen ,Rice          ,Allen Rice          ,Mr.,Mr. Allen Rice,491 Browning Lane,Badia Di Cava De Tirreni,SA,IT,84010,0,,Allen.L.Rice@pookmail.com,0310 4718739,VISA,,WE223 ,UK,YH860602C,4.60E+15,,10211,7014,00:00.0,47:56.4,8.15,SC259 ,00:00.0,"Saturday, February 20, 2016",NA,27.23,abandoned,Phone,FirstTime,LowValue,GEN_Z,0,0,0,0,0,0,0,0,0,0,1,0,1,0,0,0,1,0,0,0,0,0,0,0,0,0,0,0,0,,,,,,,,,,
Bradford ,Claassen   ,Bradford Claassen   ,Mr.,Mr. Bradford Claassen,2895 Jennifer Lane,Bagnasco,CN,IT,12071,0,,Bradford.H.Claassen@mailinator.com,0378 3425616,JCB,,SE268 ,FR,7.96E+14,3.53E+15,,10215,28,00:00.0,36:44.9,13.88,RP319 ,00:00.0,"Wednesday, July 20, 2016",NA,114.25,complete,Phone,FirstTime,MediumValue,GEN_Z,1,1,0,0,1,0,1,0,0,0,0,0,0,0,0,0,0,0,0,0,0,0,0,0,0,0,0,0,0,,,,,,,,,,
Bradford ,Claassen   ,Bradford Claassen   ,Mr.,Mr. Bradford Claassen,2895 Jennifer Lane,Bagnasco,CN,IT,12071,0,,Bradford.H.Claassen@mailinator.com,0378 3425616,JCB,,SE268 ,FR,7.96E+14,3.53E+15,,10215,9132,47:25.0,47:25.4,6.87,SC394 ,47:25.0,"Sunday, May 8, 2016",NA,132.36,complete,Phone,FirstTime,MediumValue,GEN_Z,0,0,0,0,0,0,1,0,0,0,0,0,0,0,1,0,0,1,0,0,0,0,0,1,1,0,0,0,1,,,,,,,,,,
Elizabeth ,Turner    ,Elizabeth Turner    ,Mrs.,Mrs. Elizabeth Turner,4107 Limer Street,Baia Del Re,PC,IT,29100,0,,Elizabeth.J.Turner@trashymail.com,0356 9028368,American Express,,NE172 ,ES,6111899V,3.44E+14,,10219,2700,47:25.0,47:25.4,22.95,SW412 ,47:25.0,"Sunday, May 8, 2016",age-45,15.63,complete,Phone,Occasional,LowValue,GEN_Z,0,0,0,0,0,0,0,0,0,0,1,0,1,0,0,0,1,0,0,0,0,0,0,0,0,0,0,0,0,,,,,,,,,,
Elizabeth ,Turner    ,Elizabeth Turner    ,Mrs.,Mrs. Elizabeth Turner,4107 Limer Street,Baia Del Re,PC,IT,29100,0,,Elizabeth.J.Turner@trashymail.com,0356 9028368,American Express,,NE172 ,ES,6111899V,3.41E+14,,10219,5899,00:00.0,50:44.9,28.55,SC127 ,00:00.0,"Saturday, July 30, 2016",age-45,33.63,complete,Desktop,Occasional,LowValue,GEN_Z,0,0,0,0,0,0,0,0,0,0,1,0,0,0,0,0,0,0,0,0,0,0,0,0,0,0,0,0,0,,,,,,,,,,
Dwight ,Armenta      ,Dwight Armenta      ,Mr.,Mr. Dwight Armenta,1043 Lynn Avenue,Bakersfield,CA,US,93307,0,,Dwight.L.Armenta@dodgeit.com,512-885-6258,Diners Club,,WE349 ,CA,321140626,3.68E+13,,10223,3590,00:00.0,29:06.2,6.15,NC298 ,00:00.0,"Wednesday, July 27, 2016",age-24,80.57,complete,Phone,FirstTime,MediumValue,GEN_Z,0,1,0,0,0,0,1,0,1,0,0,1,0,0,1,0,0,0,0,0,0,0,0,0,0,0,0,0,0,,,,,,,,,,
Dwight ,Armenta      ,Dwight Armenta      ,Mr.,Mr. Dwight Armenta,1043 Lynn Avenue,Bakersfield,CA,US,93307,0,,Dwight.L.Armenta@dodgeit.com,512-885-6258,Diners Club,,WE349 ,CA,321140626,3.66E+13,,10223,4750,00:00.0,39:06.2,17.87,SC130 ,00:00.0,"Saturday, February 27, 2016",age-24,39.36,complete,Phone,FirstTime,LowValue,GEN_Z,0,0,0,0,1,0,0,0,0,0,0,0,0,0,0,0,0,0,0,0,0,0,0,0,0,0,0,0,0,,,,,,,,,,
Dwight ,Armenta      ,Dwight Armenta      ,Mr.,Mr. Dwight Armenta,1043 Lynn Avenue,Bakersfield,CA,US,93307,0,,Dwight.L.Armenta@dodgeit.com,512-885-6258,Diners Club,,WE349 ,CA,321140626,3.67E+13,,10223,6558,00:00.0,58:44.9,48.52,SW145 ,00:00.0,"Friday, October 7, 2016",age-24,106.06,complete,Phone,FirstTime,MediumValue,GEN_Z,1,0,1,1,0,0,0,0,0,0,0,0,0,0,1,0,0,0,0,0,0,0,0,0,0,0,0,0,0,,,,,,,,,,
Michael ,Pritchard   ,Michael Pritchard   ,Mr.,Mr. Michael Pritchard,1117 Yorkshire Circle,Balliang,VIC,AU,3340,0,,Michael.M.Pritchard@trashymail.com,(08) 9072 2460,Diners Club,,SW412 ,CA,329443600,3.62E+13,,10227,2083,00:00.0,57:39.4,8.99,SW142 ,00:00.0,"Saturday, April 30, 2016",36,350,complete,Phone,Occasional,LowValue,GEN_Y,0,0,0,0,0,0,0,0,0,0,0,0,0,0,0,0,0,0,0,0,1,0,0,0,0,0,0,0,0,,,,,,,,,,
Michael ,Pritchard   ,Michael Pritchard   ,Mr.,Mr. Michael Pritchard,1117 Yorkshire Circle,Balliang,VIC,AU,3340,0,,Michael.M.Pritchard@trashymail.com,(08) 9072 2460,Diners Club,,SW412 ,CA,329443600,3.64E+13,,10227,3492,00:00.0,44:52.6,8.23,SE205 ,00:00.0,"Monday, January 25, 2016",36,16,in-progress,Phone,Occasional,LowValue,GEN_Y,0,0,0,0,0,0,0,0,0,0,1,0,1,0,0,0,1,0,0,0,0,0,0,0,0,0,0,0,0,,,,,,,,,,
Elizabeth ,Martinez  ,Elizabeth Martinez  ,Mrs.,Mrs. Elizabeth Martinez,947 Rainbow Road,Baltimore,MD,US,21202,0,,Elizabeth.B.Martinez@mailinator.com,314-268-8613,Diners Club,,NW118 ,IT,UAAUXX18L25A259N,3.62E+13,,10231,569,00:00.0,07:36.4,7.12,NW379 ,00:00.0,"Sunday, January 3, 2016",73,250.36,complete,Desktop,Frequent,HighValue,BABY_BOOMERS,0,0,0,0,0,0,0,0,0,1,0,0,0,0,0,1,0,1,0,0,0,1,0,0,0,0,0,1,0,,,,,,,,,,
Elizabeth ,Martinez  ,Elizabeth Martinez  ,Mrs.,Mrs. Elizabeth Martinez,947 Rainbow Road,Baltimore,MD,US,21202,0,,Elizabeth.B.Martinez@mailinator.com,314-268-8613,Diners Club,,NW118 ,IT,UAAUXX18L25A259N,3.68E+13,,10231,1479,47:25.0,47:25.4,13.7,NE109 ,47:25.0,"Sunday, May 8, 2016",73,181.03,complete,Desktop,Frequent,HighValue,BABY_BOOMERS,0,1,0,0,0,0,0,0,1,1,0,0,0,0,0,0,0,1,0,0,0,1,0,0,0,1,0,1,0,,,,,,,,,,
Mary ,Bates          ,Mary Bates          ,Mrs.,Mrs. Mary Bates,1646 Tenmile,Baltimore,MD,US,21201,0,,Mary.T.Bates@pookmail.com,503-337-6080,Diners Club,,NW181 ,ES,2167155A,3.68E+13,,10235,1511,00:00.0,27:55.6,33.85,SE271 ,00:00.0,"Sunday, October 9, 2016",NA,31.51,complete,Phone,Occasional,LowValue,GEN_Z,0,0,0,0,0,0,0,0,0,0,1,0,1,1,0,0,1,0,0,0,1,0,0,0,0,0,0,0,0,,,,,,,,,,
Mary ,Bates          ,Mary Bates          ,Mrs.,Mrs. Mary Bates,1646 Tenmile,Baltimore,MD,US,21201,0,,Mary.T.Bates@pookmail.com,503-337-6080,Diners Club,,NW181 ,ES,2167155A,3.64E+13,,10235,4669,00:00.0,50:44.9,18.45,WE223 ,00:00.0,"Friday, October 7, 2016",NA,48.23,complete,Desktop,Occasional,LowValue,GEN_Z,0,0,0,0,0,0,0,0,0,0,1,0,0,0,0,0,0,0,0,0,0,0,0,0,0,0,0,0,0,,,,,,,,,,
Mandy ,Fernandez     ,Mandy Fernandez     ,Mrs.,Mrs. Mandy Fernandez,4103 Wilmar Farm Road,Banora Point,NSW,AU,2486,0,,Mandy.M.Fernandez@pookmail.com,(03) 5361 9459,Master Card,,WE355 ,ES,2359270E,5.17E+15,,10239,5977,00:00.0,36:44.9,9.51,RP319 ,00:00.0,"Wednesday, July 20, 2016",42,32.99,complete,Phone,Occasional,LowValue,GEN_X,0,0,0,0,0,0,0,0,0,0,1,0,1,0,0,0,1,0,0,0,1,0,0,0,0,0,0,0,0,,,,,,,,,,
Megan ,Mauro         ,Megan Mauro         ,Mrs.,Mrs. Megan Mauro,701 Clarksburg Park Road,Barnwell,SC,US,29812,0,,Megan.R.Mauro@pookmail.com,631-732-3842,VISA,,WE220 ,CA,391138112,4.77E+15,,10243,8013,00:00.0,22:36.6,2.87,SW214 ,00:00.0,"Sunday, September 4, 2016",48,41.89,in-progress,Phone,Occasional,LowValue,GEN_X,0,0,0,0,0,0,0,0,0,0,0,0,0,0,0,0,0,0,0,0,1,0,0,0,0,0,0,0,0,,,,,,,,,,
John ,Riley          ,John Riley          ,Mr.,Mr. John Riley,4904 Hamilton Drive,Barsbittel,,DE,22885,0,,John.S.Riley@spambob.com,04329 69 96 01,Discover,,SE271 ,U.S.,441590001,6.01E+15,,10247,1401,00:00.0,27:55.0,8.15,NE172 ,00:00.0,"Saturday, October 8, 2016",40,100.5,abandoned,Phone,Occasional,LowValue,GEN_Y,0,0,0,0,0,0,0,0,0,0,1,0,1,0,0,0,1,0,0,0,1,0,0,0,0,0,0,0,0,,,,,,,,,,
Felix ,Myers         ,Felix Myers         ,Mr.,Mr. Felix Myers,170 Angie Drive,Bisecting,SS,IT,7020,0,,Felix.R.Myers@mailinator.com,0389 7059753,VISA,,SW409 ,UK,AH088707D,4.91E+15,,10251,4555,00:00.0,25:36.6,12,WE415 ,00:00.0,"Wednesday, March 30, 2016",52,50.43,complete,Phone,Occasional,LowValue,BABY_BOOMERS,0,0,0,0,0,0,0,0,0,0,1,0,1,1,0,0,1,0,0,0,1,0,0,0,0,0,0,0,0,,,,,,,,,,
Felix ,Myers         ,Felix Myers         ,Mr.,Mr. Felix Myers,170 Angie Drive,Bassacutena,SS,IT,7020,0,,Felix.R.Myers@mailinator.com,0389 7059753,VISA,,SW409 ,UK,AH088707D,4.90E+15,,10251,6092,00:00.0,34:16.6,22.5,SE403 ,00:00.0,"Friday, September 9, 2016",52,39,complete,Phone,Occasional,LowValue,BABY_BOOMERS,0,0,0,0,0,0,0,0,0,0,0,0,0,1,0,0,0,0,0,0,0,0,0,0,0,0,0,0,0,,,,,,,,,,
Felix ,Myers         ,Felix Myers         ,Mr.,Mr. Felix Myers,170 Angie Drive,Bassacutena,SS,IT,7020,0,,Felix.R.Myers@mailinator.com,0389 7059753,VISA,,SW409 ,UK,AH088707D,4.70E+15,,10251,6612,00:00.0,27:55.6,13.7,SW217 ,00:00.0,"Thursday, October 6, 2016",52,42.8,complete,Phone,Occasional,LowValue,BABY_BOOMERS,0,0,0,0,0,0,0,0,0,0,1,0,1,1,0,0,1,0,0,0,1,0,0,0,0,0,0,0,0,,,,,,,,,,
Frank ,Westra        ,Frank Westra        ,Mr.,Mr. Frank Westra,3540 Stout Street,Baton Rouge,LA,US,70806,0,,Frank.K.Westra@spambob.com,661-947-3606,VISA,,NW376 ,FR,7.39E+14,4.78E+15,,10259,1784,00:00.0,47:52.6,9.22,NE241 ,00:00.0,"Monday, April 25, 2016",24,288.95,cancelled,Phone,FirstTime,HighValue,GEN_Y,0,0,0,0,0,0,0,0,0,1,0,0,0,0,0,1,0,0,1,0,0,1,0,0,0,0,0,1,0,,,,,,,,,,
Frank ,Westra        ,Frank Westra        ,Mr.,Mr. Frank Westra,3540 Stout Street,Baton Rouge,LA,US,70806,0,,Frank.K.Westra@spambob.com,661-947-3606,VISA,,NW376 ,FR,7.39E+14,4.45E+15,,10259,8175,00:00.0,39:06.2,6.87,SE331 ,00:00.0,"Sunday, March 27, 2016",24,16.94,in-progress,Phone,FirstTime,LowValue,GEN_Y,0,0,0,0,0,0,0,0,0,0,1,0,1,1,0,0,1,0,0,0,0,0,0,0,0,0,0,0,0,,,,,,,,,,
Jack ,Owens          ,Jack Owens          ,Mr.,Mr. Jack Owens,2374 Christie Way,Beasain,,ES,20200,0,,Jack.L.Owens@spambob.com,91-102-2453,Discover,,WE286 ,FR,1.63E+14,6.01E+15,,10263,6966,00:00.0,47:55.6,8.99,WE151 ,00:00.0,"Friday, April 29, 2016",69,192.48,complete,Desktop,Frequent,HighValue,BABY_BOOMERS,0,0,1,0,0,0,0,0,0,1,0,0,0,0,0,0,0,0,0,0,0,1,0,0,0,1,0,1,1,,,,,,,,,,
Therese ,Pickering   ,Therese Pickering   ,Mrs.,Mrs. Therese Pickering,893 Ferry Street,Belfield,ND,US,58622,0,,Therese.B.Pickering@spambob.com,707-565-9536,American Express,,NC427 ,FR,2.15E+14,3.45E+14,,10271,5712,00:00.0,58:44.9,50,SC322 ,00:00.0,"Wednesday, October 5, 2016",31,46.48,complete,Phone,Occasional,LowValue,GEN_Y,0,0,0,0,0,0,0,0,0,0,0,0,0,1,0,0,0,0,0,0,0,0,0,0,0,0,0,0,0,,,,,,,,,,
Therese ,Pickering   ,Therese Pickering   ,Mrs.,Mrs. Therese Pickering,893 Ferry Street,Belfield,ND,US,58622,0,,Therese.B.Pickering@spambob.com,707-565-9536,American Express,,NC427 ,FR,2.15E+14,3.76E+14,,10271,9180,00:00.0,07:36.4,43.89,WE352 ,00:00.0,"Monday, January 4, 2016",31,14.6,cancelled,Phone,Occasional,LowValue,GEN_Y,0,0,0,0,0,0,0,0,0,0,1,0,0,1,0,0,0,0,0,0,0,0,0,0,0,0,0,0,0,,,,,,,,,,
Robert ,Ojeda        ,Robert Ojeda        ,Mr.,Mr. Robert Ojeda,546 Lakewood Drive,Belleville,IL,US,62220,0,,Robert.M.Ojeda@mailinator.com,503-705-8957,JCB,,NC361 ,FR,2.29E+14,3.53E+15,,10275,1998,00:00.0,13:54.6,18.24,SE400 ,00:00.0,"Sunday, July 3, 2016",76,236.03,complete,Desktop,Occasional,HighValue,BABY_BOOMERS,0,0,0,0,0,0,0,0,0,1,0,0,0,0,0,1,0,1,0,0,0,0,0,0,0,0,0,0,1,,,,,,,,,,
Robert ,Ojeda        ,Robert Ojeda        ,Mr.,Mr. Robert Ojeda,546 Lakewood Drive,Belleville,IL,US,62220,0,,Robert.M.Ojeda@mailinator.com,503-705-8957,JCB,,NC361 ,FR,2.29E+14,3.53E+15,,10275,4110,00:00.0,33:59.5,13.25,SE265 ,00:00.0,"Friday, November 25, 2016",76,133.5,complete,Desktop,Occasional,MediumValue,BABY_BOOMERS,0,0,0,1,1,0,0,1,0,0,0,0,0,0,0,0,0,0,0,0,1,0,0,0,0,0,0,0,0,,,,,,,,,,
Thomas ,Farris       ,Thomas Farris       ,Mr.,Mr. Thomas Farris,54 Kelly Drive,Beltsville,MD,US,20705,0,,Thomas.S.Farris@spambob.com,616-788-0599,Diners Club,,SE337 ,CA,751454315,3.62E+13,,10283,1379,00:00.0,44:16.6,13.33,NE178 ,00:00.0,"Tuesday, December 20, 2016",68,197.54,complete,Desktop,Frequent,HighValue,BABY_BOOMERS,0,0,0,0,0,0,0,0,0,1,0,0,0,0,0,0,0,0,1,0,0,1,0,0,1,0,0,0,1,,,,,,,,,,
Thomas ,Farris       ,Thomas Farris       ,Mr.,Mr. Thomas Farris,54 Kelly Drive,Beltsville,MD,US,20705,0,,Thomas.S.Farris@spambob.com,616-788-0599,Diners Club,,SE337 ,CA,751454315,3.64E+13,,10283,5101,00:00.0,11:26.3,11.45,SE136 ,00:00.0,"Saturday, September 10, 2016",68,270.27,complete,Desktop,Frequent,HighValue,BABY_BOOMERS,0,0,0,0,0,0,0,0,0,1,0,0,0,0,0,0,0,1,0,0,0,1,0,0,0,1,0,0,0,,,,,,,,,,
Thomas ,Farris       ,Thomas Farris       ,Mr.,Mr. Thomas Farris,54 Kelly Drive,Beltsville,MD,US,20705,0,,Thomas.S.Farris@spambob.com,616-788-0599,Diners Club,,SE337 ,CA,751454315,3.66E+13,,10283,6946,00:00.0,13:54.6,23.37,NE106 ,00:00.0,"Sunday, July 3, 2016",68,233.39,complete,Desktop,Frequent,HighValue,BABY_BOOMERS,0,0,0,0,0,0,0,1,0,0,0,0,0,0,0,0,0,1,0,0,0,1,0,0,0,1,0,0,1,,,,,,,,,,
Thomas ,Farris       ,Thomas Farris       ,Mr.,Mr. Thomas Farris,54 Kelly Drive,Beltsville,MD,US,20705,0,,Thomas.S.Farris@spambob.com,616-788-0599,Diners Club,,SE337 ,CA,751454315,3.70E+13,,10283,8061,47:25.0,47:25.4,10.45,RP121 ,47:25.0,"Sunday, May 8, 2016",68,99.98,complete,Desktop,Frequent,MediumValue,BABY_BOOMERS,0,1,1,0,0,0,0,0,1,0,0,0,0,0,1,0,0,0,0,0,1,0,0,0,0,0,0,0,0,,,,,,,,,,
Joseph ,Shafer       ,Joseph Shafer       ,Mr.,Mr. Joseph Shafer,15 Lords Way,Beltsville,MD,US,20705,0,,Joseph.J.Shafer@trashymail.com,212-833-9423,JCB,,SE337 ,U.S.,577430003,3.53E+15,,10287,7392,00:00.0,27:39.4,11.45,NC427 ,00:00.0,"Friday, October 7, 2016",72,126.46,cancelled,Desktop,FirstTime,MediumValue,BABY_BOOMERS,0,0,0,0,0,0,1,1,0,0,0,1,0,0,0,0,0,0,0,0,1,0,0,0,0,0,0,0,0,,,,,,,,,,
Hoyt ,Ramos          ,Hoyt Ramos          ,Mr.,Mr. Hoyt Ramos,354 Northwest Boulevard,Bend,OR,US,97701,0,,Hoyt.C.Ramos@dodgeit.com,215-438-4845,Master Card,,WE151 ,IT,TTVLTC38H61B853K,5.17E+15,,10291,878,00:00.0,19:56.1,23.37,SE139 ,00:00.0,"Wednesday, March 2, 2016",79,210.26,complete,Desktop,Frequent,HighValue,BABY_BOOMERS,0,0,0,0,1,0,1,0,0,1,0,0,0,0,0,0,0,1,0,0,0,0,1,0,0,1,0,0,1,,,,,,,,,,
Hoyt ,Ramos          ,Hoyt Ramos          ,Mr.,Mr. Hoyt Ramos,354 Northwest Boulevard,Bend,OR,US,97701,0,,Hoyt.C.Ramos@dodgeit.com,215-438-4845,Master Card,,WE151 ,IT,TTVLTC38H61B853K,5.11E+15,,10291,6252,00:00.0,39:06.2,12.85,NC160 ,00:00.0,"Tuesday, September 27, 2016",79,260.52,complete,Desktop,Frequent,HighValue,BABY_BOOMERS,0,0,0,0,0,0,0,0,0,1,0,0,0,0,0,1,0,1,0,0,0,0,0,0,0,1,0,0,0,,,,,,,,,,
Jodi ,Stanley        ,Jodi Stanley        ,Mrs.,Mrs. Jodi Stanley,4039 Kelley Road,Bensalem,PA,US,19020,0,,Jodi.B.Stanley@spambob.com,262-385-8894,JCB,,NE373 ,CA,904601168,3.53E+15,,10295,383,00:00.0,22:36.6,11.15,WE421 ,00:00.0,"Tuesday, April 19, 2016",48,13.27,complete,Phone,Occasional,LowValue,GEN_X,0,0,0,0,0,0,0,0,0,0,1,0,0,0,0,0,0,0,0,0,0,0,0,0,0,0,0,0,0,,,,,,,,,,
Jodi ,Stanley        ,Jodi Stanley        ,Mrs.,Mrs. Jodi Stanley,4039 Kelley Road,Bensalem,PA,US,19020,0,,Jodi.B.Stanley@spambob.com,262-385-8894,JCB,,NE373 ,CA,904601168,3.53E+15,,10295,1426,47:25.0,47:25.4,7.85,SC124 ,47:25.0,"Sunday, May 8, 2016",48,24.06,complete,Phone,Occasional,LowValue,GEN_X,0,0,0,0,0,0,0,0,0,0,1,0,1,0,0,0,1,0,0,0,1,0,0,0,0,0,0,0,0,,,,,,,,,,
Jodi ,Stanley        ,Jodi Stanley        ,Mrs.,Mrs. Jodi Stanley,4039 Kelley Road,Bensalem,PA,US,19020,0,,Jodi.B.Stanley@spambob.com,262-385-8894,JCB,,NE373 ,CA,904601168,3.53E+15,,10295,9065,00:00.0,47:24.6,21.97,SC193 ,00:00.0,"Saturday, August 20, 2016",48,15.96,in-progress,Phone,Occasional,LowValue,GEN_X,0,0,0,0,0,0,0,0,0,0,1,0,1,0,0,0,1,0,0,0,0,0,0,0,0,0,0,0,0,,,,,,,,,,
Betty ,Grimes        ,Betty Grimes        ,Mrs.,Mrs. Betty Grimes,2078 Plainfield Avenue,Berchtesgaden,,DE,83471,0,,Betty.D.Grimes@mailinator.com,08091 13 31 66,Diners Club,,SW217 ,CA,777215385,3.63E+13,,10299,1053,47:25.0,47:25.4,27.97,WE289 ,47:25.0,"Sunday, May 8, 2016",41,44.19,complete,Phone,Occasional,LowValue,GEN_Y,0,0,0,0,0,0,0,0,0,0,1,0,0,1,0,0,0,0,0,0,0,0,0,0,0,0,0,0,0,,,,,,,,,,
Betty ,Grimes        ,Betty Grimes        ,Mrs.,Mrs. Betty Grimes,2078 Plainfield Avenue,Berchtesgaden,,DE,83471,0,,Betty.D.Grimes@mailinator.com,08091 13 31 66,Diners Club,,SW217 ,CA,777215385,3.61E+13,,10299,7316,00:00.0,27:55.6,14.28,SW217 ,00:00.0,"Thursday, October 6, 2016",41,48.44,in-progress,Phone,Occasional,LowValue,GEN_Y,0,0,0,0,0,0,0,0,0,0,1,0,1,0,0,0,1,0,0,0,0,0,0,0,0,0,0,0,0,,,,,,,,,,
Betty ,Grimes        ,Betty Grimes        ,Mrs.,Mrs. Betty Grimes,2078 Plainfield Avenue,Berchtesgaden,,DE,83471,0,,Betty.D.Grimes@mailinator.com,08091 13 31 66,Diners Club,,SW217 ,CA,777215385,3.60E+13,,10299,7953,00:00.0,27:56.4,8.23,SE268 ,00:00.0,"Friday, December 16, 2016",41,50,complete,Phone,Occasional,LowValue,GEN_Y,0,0,0,0,0,0,0,0,0,0,1,0,1,0,0,0,1,0,0,0,1,0,0,0,0,0,0,0,0,,,,,,,,,,
Betty ,Grimes        ,Betty Grimes        ,Mrs.,Mrs. Betty Grimes,2078 Plainfield Avenue,Berchtesgaden,,DE,83471,0,,Betty.D.Grimes@mailinator.com,08091 13 31 66,Diners Club,,SW217 ,CA,777215385,3.67E+13,,10299,8809,00:00.0,47:52.6,21.97,WE157 ,00:00.0,"Monday, April 25, 2016",41,47.57,complete,Phone,Occasional,LowValue,GEN_Y,0,0,0,0,0,0,0,0,0,0,1,0,0,0,0,0,0,0,0,0,0,0,0,0,0,0,0,0,0,,,,,,,,,,
Tony ,Brooks         ,Tony Brooks         ,Mr.,Mr. Tony Brooks,2134 Watson Lane,Bergotto,PR,IT,43042,0,,Tony.D.Brooks@mailinator.com,0357 7464003,American Express,,SW277 ,CA,935314484,3.73E+14,,10303,4184,00:00.0,02:36.6,22.77,NE235 ,00:00.0,"Sunday, May 29, 2016",22,190.12,complete,Phone,Occasional,HighValue,GEN_Z,0,0,0,0,0,0,0,0,0,1,0,0,0,0,1,0,0,1,0,0,0,1,0,0,0,0,0,0,1,,,,,,,,,,
Tony ,Brooks         ,Tony Brooks         ,Mr.,Mr. Tony Brooks,2134 Watson Lane,Bergotto,PR,IT,43042,0,,Tony.D.Brooks@mailinator.com,0357 7464003,American Express,,SW277 ,CA,935314484,3.71E+14,,10303,4755,47:25.0,47:25.4,17.87,NE109 ,47:25.0,"Sunday, May 8, 2016",22,173.09,complete,Phone,Occasional,HighValue,GEN_Z,0,0,1,0,0,0,0,0,0,1,0,0,0,0,0,0,0,1,0,0,0,1,0,0,0,1,0,0,0,,,,,,,,,,
Tony ,Brooks         ,Tony Brooks         ,Mr.,Mr. Tony Brooks,2134 Watson Lane,Bergotto,PR,IT,43042,0,,Tony.D.Brooks@mailinator.com,0357 7464003,American Express,,SW277 ,CA,935314484,3.71E+14,,10303,7349,00:00.0,19:46.2,19.85,NW250 ,00:00.0,"Saturday, March 12, 2016",22,153.47,complete,Phone,Occasional,HighValue,GEN_Z,0,0,0,0,0,0,0,0,0,1,0,0,0,0,0,0,0,0,1,0,0,0,0,0,0,1,0,0,1,,,,,,,,,,
Michael ,Reed        ,Michael Reed        ,Mr.,Mr. Michael Reed,4592 Poplar Lane,Besnate,VA,IT,21010,0,,Michael.K.Reed@trashymail.com,0399 7420631,Discover,,SE334 ,FR,2.83E+14,6.01E+15,,10307,748,00:00.0,11:26.3,11.45,SE136 ,00:00.0,"Saturday, September 10, 2016",NA,40.27,complete,Phone,Occasional,LowValue,GEN_Z,0,0,0,0,0,0,1,0,0,0,1,0,0,0,0,0,0,0,0,0,0,0,0,0,0,0,0,0,0,,,,,,,,,,
Michael ,Reed        ,Michael Reed        ,Mr.,Mr. Michael Reed,4592 Poplar Lane,Besnate,VA,IT,21010,0,,Michael.K.Reed@trashymail.com,0399 7420631,Discover,,SE334 ,FR,2.83E+14,6.01E+15,,10307,3771,00:00.0,39:06.2,8.23,SC130 ,00:00.0,"Saturday, February 27, 2016",NA,253.96,complete,Phone,Occasional,HighValue,GEN_Z,0,0,0,0,0,0,0,0,0,1,0,0,0,0,0,1,0,1,0,0,0,0,0,0,0,1,0,1,0,,,,,,,,,,
Michael ,Reed        ,Michael Reed        ,Mr.,Mr. Michael Reed,4592 Poplar Lane,Besnate,VA,IT,21010,0,,Michael.K.Reed@trashymail.com,0399 7420631,Discover,,SE334 ,FR,2.83E+14,6.01E+15,,10307,3922,00:00.0,22:36.6,14.8,NE238 ,00:00.0,"Thursday, May 19, 2016",NA,188.03,complete,Phone,Occasional,HighValue,GEN_Z,0,0,0,0,0,0,0,0,0,1,0,0,0,0,0,1,0,0,1,0,0,0,0,0,0,0,0,1,0,,,,,,,,,,
Michael ,Reed        ,Michael Reed        ,Mr.,Mr. Michael Reed,4592 Poplar Lane,Besnate,VA,IT,21010,0,,Michael.K.Reed@trashymail.com,0399 7420631,Discover,,SE334 ,FR,2.83E+14,6.01E+15,,10307,7488,47:25.0,47:25.4,22.32,NC163 ,47:25.0,"Sunday, May 8, 2016",NA,35.25,complete,Phone,Occasional,LowValue,GEN_Z,0,0,0,0,0,0,0,0,0,0,1,0,1,0,0,0,1,0,0,0,0,0,0,0,0,0,0,0,0,,,,,,,,,,
Rosemary ,Herbert    ,Rosemary Herbert    ,Mrs.,Mrs. Rosemary Herbert,3591 Nutters Barn Lane,Beverly Hills,CA,US,90210,0,,Rosemary.J.Herbert@pookmail.com,814-393-3387,American Express,,SC388 ,U.S.,22868377,3.76E+14,,10311,5766,00:00.0,33:59.5,7.12,SE265 ,00:00.0,"Friday, November 25, 2016",40,15.99,complete,Phone,Occasional,LowValue,GEN_Y,0,0,0,0,0,0,0,0,0,0,0,1,0,0,0,0,0,0,0,0,0,0,0,0,0,0,0,0,0,,,,,,,,,,
Judy ,Larkin         ,Judy Larkin         ,Mrs.,Mrs. Judy Larkin,2659 Werninger Street,Biancade,TV,IT,31056,0,,Judy.B.Larkin@pookmail.com,0344 8952963,Diners Club,,NW247 ,FR,1.15E+14,3.65E+13,,10315,4576,00:00.0,19:56.1,11.15,SW409 ,00:00.0,"Tuesday, March 1, 2016",NA,66.32,complete,Phone,Occasional,MediumValue,GEN_Z,1,0,0,0,0,1,0,0,0,0,0,0,0,0,0,0,0,0,0,0,0,0,1,0,1,0,0,0,0,,,,,,,,,,
Judy ,Larkin         ,Judy Larkin         ,Mrs.,Mrs. Judy Larkin,2659 Werninger Street,Biancade,TV,IT,31056,0,,Judy.B.Larkin@pookmail.com,0344 8952963,Diners Club,,NW247 ,FR,1.15E+14,3.67E+13,,10315,6060,00:00.0,57:28.6,9,WE226 ,00:00.0,"Tuesday, September 20, 2016",NA,102.6,complete,Desktop,Occasional,MediumValue,GEN_Z,0,0,0,1,0,1,0,0,0,0,0,0,0,0,0,0,1,0,0,0,1,0,0,0,1,0,0,0,0,,,,,,,,,,
Judy ,Hopping        ,Judy Hopping        ,Mrs.,Mrs. Judy Hopping,2805 DaVISAA Avenue,Biarritz,,FR,64200,0,,Judy.G.Hopping@pookmail.com,01.83.63.72.29,Master Card,,NW313 ,FR,7.02E+14,5.16E+15,,10319,3624,00:00.0,47:39.4,9.22,SC388 ,00:00.0,"Wednesday, June 15, 2016",26,240.95,complete,Phone,Occasional,HighValue,GEN_Y,0,0,0,0,0,0,0,0,0,1,0,0,0,0,0,0,0,0,1,0,0,1,0,0,0,1,0,1,0,,,,,,,,,,
Judy ,Hopping        ,Judy Hopping        ,Mrs.,Mrs. Judy Hopping,2805 DaVISAA Avenue,Biarritz,,FR,64200,0,,Judy.G.Hopping@pookmail.com,01.83.63.72.29,Master Card,,NW313 ,FR,7.02E+14,5.15E+15,,10319,4581,00:00.0,59:06.2,17.23,WE349 ,00:00.0,"Monday, June 27, 2016",26,42.26,complete,Phone,Occasional,LowValue,GEN_Y,0,0,0,0,0,0,1,0,0,0,0,0,0,0,0,0,0,0,0,0,0,0,0,0,0,0,0,0,0,,,,,,,,,,
Judy ,Hopping        ,Judy Hopping        ,Mrs.,Mrs. Judy Hopping,2805 DaVISAA Avenue,Biarritz,,FR,64200,0,,Judy.G.Hopping@pookmail.com,01.83.63.72.29,Master Card,,NW313 ,FR,7.02E+14,5.19E+15,,10319,6362,00:00.0,33:26.3,18.45,NC229 ,00:00.0,"Sunday, November 20, 2016",26,250,complete,Phone,Occasional,HighValue,GEN_Y,0,0,0,0,0,0,0,0,0,1,0,0,0,0,0,0,0,0,1,0,0,1,0,0,0,1,0,1,0,,,,,,,,,,
Judy ,Hopping        ,Judy Hopping        ,Mrs.,Mrs. Judy Hopping,2805 DaVISAA Avenue,Biarritz,,FR,64200,0,,Judy.G.Hopping@pookmail.com,01.83.63.72.29,Master Card,,NW313 ,FR,7.02E+14,5.10E+15,,10319,6931,00:00.0,58:44.9,11.05,SW145 ,00:00.0,"Friday, October 7, 2016",26,213.19,complete,Phone,Occasional,HighValue,GEN_Y,0,0,0,0,0,0,0,0,0,1,0,0,0,0,0,1,0,0,0,0,0,0,0,0,0,1,0,1,1,,,,,,,,,,
Joseph ,Rogers       ,Joseph Rogers       ,Mr.,Mr. Joseph Rogers,2027 Harley Brook Lane,Biebrich,,DE,56370,0,,Joseph.S.Rogers@mailinator.com,0201 25 24 10,Diners Club,,RP385 ,ES,7500577R,3.65E+13,,10323,1685,00:00.0,47:56.4,11.45,WE220 ,00:00.0,"Sunday, December 25, 2016",NA,45.77,in-progress,Phone,FirstTime,LowValue,GEN_Z,0,0,0,0,0,0,0,0,0,0,1,0,0,0,0,0,0,0,0,0,0,0,0,0,0,0,0,0,0,,,,,,,,,,
Joseph ,Rogers       ,Joseph Rogers       ,Mr.,Mr. Joseph Rogers,2027 Harley Brook Lane,Biebrich,,DE,56370,0,,Joseph.S.Rogers@mailinator.com,0201 25 24 10,Diners Club,,RP385 ,ES,7500577R,3.66E+13,,10323,8207,00:00.0,32:59.5,13.88,SW346 ,00:00.0,"Sunday, May 1, 2016",NA,30.69,complete,Desktop,FirstTime,LowValue,GEN_Z,0,0,0,0,0,0,0,0,0,0,1,0,1,1,0,0,1,0,0,0,0,0,0,0,0,0,0,0,0,,,,,,,,,,
James ,Sales         ,James Sales         ,Miss.,Miss. James Sales,3904 Capitol Avenue,Billings,MT,US,59102,0,,James.K.Sales@trashymail.com,864-527-3838,VISA,,NC232 ,FR,2.50E+14,4.64E+15,,10327,738,00:00.0,13:54.6,11.85,NE106 ,00:00.0,"Sunday, July 3, 2016",65,290.1,complete,Desktop,Frequent,HighValue,BABY_BOOMERS,0,1,0,0,0,0,0,0,0,0,0,0,0,0,0,1,0,0,1,0,0,1,0,0,1,0,0,0,1,,,,,,,,,,
James ,Sales         ,James Sales         ,Miss.,Miss. James Sales,3904 Capitol Avenue,Billings,MT,US,59102,0,,James.K.Sales@trashymail.com,864-527-3838,VISA,,NC232 ,FR,2.50E+14,4.80E+15,,10327,758,00:00.0,12:46.1,6.15,SW280 ,00:00.0,"Thursday, March 3, 2016",65,190.14,complete,Desktop,Frequent,HighValue,BABY_BOOMERS,0,0,0,0,0,0,0,1,0,1,0,0,0,0,0,1,0,0,1,0,0,0,0,0,0,0,0,0,1,,,,,,,,,,
James ,Sales         ,James Sales         ,Miss.,Miss. James Sales,3904 Capitol Avenue,Billings,MT,US,59102,0,,James.K.Sales@trashymail.com,864-527-3838,VISA,,NC232 ,FR,2.50E+14,4.05E+15,,10327,6887,00:00.0,19:46.2,23.78,NW250 ,00:00.0,"Saturday, March 12, 2016",65,242,complete,Desktop,Frequent,HighValue,BABY_BOOMERS,0,0,0,0,0,0,0,0,0,1,0,0,0,0,0,1,1,0,1,1,1,0,0,0,1,0,1,0,1,,,,,,,,,,
James ,Sales         ,James Sales         ,Miss.,Miss. James Sales,3904 Capitol Avenue,Billings,MT,US,59102,0,,James.K.Sales@trashymail.com,864-527-3838,VISA,,NC232 ,FR,2.50E+14,4.19E+15,,10327,7923,00:00.0,25:36.6,13.33,WE415 ,00:00.0,"Wednesday, March 30, 2016",65,243.61,complete,Desktop,Frequent,HighValue,BABY_BOOMERS,0,0,0,0,0,0,0,0,0,1,0,0,0,0,0,1,0,0,0,0,0,1,0,0,0,0,0,1,1,,,,,,,,,,
James ,Sales         ,James Sales         ,Miss.,Miss. James Sales,3904 Capitol Avenue,Billings,MT,US,59102,0,,James.K.Sales@trashymail.com,864-527-3838,VISA,,NC232 ,FR,2.50E+14,4.99E+15,,10327,8518,00:00.0,19:56.1,33.99,SW409 ,00:00.0,"Tuesday, March 1, 2016",65,219.49,in-progress,Desktop,Frequent,HighValue,BABY_BOOMERS,0,0,0,0,0,0,0,0,0,0,0,0,0,0,0,0,0,1,1,0,0,1,0,0,0,1,0,0,0,,,,,,,,,,
Charles ,Pickett     ,Charles Pickett     ,Mr.,Mr. Charles Pickett,928 Adonais Way,Birch Creek,AK,US,99740,0,,Charles.F.Pickett@spambob.com,402-856-9229,Discover,,SE133 ,ES,4900352H,6.01E+15,,10331,1944,00:00.0,43:54.6,19.05,NW316 ,00:00.0,"Monday, December 12, 2016",64,10,abandoned,Phone,Occasional,LowValue,BABY_BOOMERS,0,0,0,0,0,0,0,0,0,0,1,0,1,0,0,0,1,0,0,0,0,0,0,0,0,0,0,0,0,,,,,,,,,,
Margaret ,Shelton    ,Margaret Shelton    ,Mrs.,Mrs. Margaret Shelton,1034 Briarwood Drive,Birmingham,AL,US,35222,0,,Margaret.T.Shelton@pookmail.com,860-435-8672,Discover,,WE283 ,CA,944146232,6.01E+15,,10335,235,00:00.0,23:54.6,16.85,NC295 ,00:00.0,"Saturday, February 27, 2016",45,47.31,complete,Phone,Occasional,LowValue,GEN_X,0,0,0,0,0,0,0,0,0,0,1,0,1,0,0,0,1,0,0,0,0,0,0,0,0,0,0,0,0,,,,,,,,,,
Margaret ,Shelton    ,Margaret Shelton    ,Mrs.,Mrs. Margaret Shelton,1034 Briarwood Drive,Birmingham,AL,US,35222,0,,Margaret.T.Shelton@pookmail.com,860-435-8672,Discover,,WE283 ,CA,944146232,6.01E+15,,10335,7464,00:00.0,32:45.1,48.52,NE301 ,00:00.0,"Thursday, December 8, 2016",45,31.71,complete,Phone,Occasional,LowValue,GEN_X,0,0,0,0,0,0,0,0,0,0,1,0,0,1,0,0,0,0,0,0,0,0,0,0,0,0,0,0,0,,,,,,,,,,
Rebecca ,Uresti      ,Rebecca Uresti      ,Mrs.,Mrs. Rebecca Uresti,4333 Morningview Lane,Birmingham,AL,US,35203,0,,Rebecca.C.Uresti@trashymail.com,903-497-8623,VISA,,RP121 ,UK,YR565337D,4.45E+15,,10339,4716,00:00.0,11:26.3,7.45,NC169 ,00:00.0,"Monday, June 20, 2016",55,8.49,complete,Phone,Occasional,LowValue,BABY_BOOMERS,0,0,0,0,0,0,0,0,0,0,1,0,1,1,0,0,1,0,0,0,0,0,0,0,0,0,0,0,0,,,,,,,,,,
Emma ,Perez          ,Emma Perez          ,Mrs.,Mrs. Emma Perez,1199 Lightning Point Drive,Black Hawk,SD,US,57718,0,,Emma.V.Perez@spambob.com,612-990-4487,American Express,,SE268 ,FR,1.59E+14,3.44E+14,,10343,2071,00:00.0,59:36.2,5.66,SC199 ,00:00.0,"Tuesday, December 27, 2016",58,33.33,complete,Phone,Occasional,LowValue,BABY_BOOMERS,0,0,0,0,0,0,0,0,0,0,1,0,1,0,0,0,1,0,0,0,0,0,0,0,0,0,0,0,0,,,,,,,,,,
Reynaldo ,Myers      ,Reynaldo Myers      ,Mr.,Mr. Reynaldo Myers,3923 Black Stallion Road,Blaxland East,NSW,AU,2774,0,,Reynaldo.J.Myers@pookmail.com,(02) 6753 9404,American Express,,SW346 ,FR,8.14E+14,3.72E+14,,10347,3591,47:25.0,47:25.4,6.15,SW211 ,47:25.0,"Sunday, May 8, 2016",54,30.71,complete,Phone,Occasional,LowValue,BABY_BOOMERS,0,0,0,0,0,0,0,0,0,0,1,0,1,1,0,0,1,0,0,0,1,0,0,0,0,0,0,0,0,,,,,,,,,,
Reynaldo ,Myers      ,Reynaldo Myers      ,Mr.,Mr. Reynaldo Myers,3923 Black Stallion Road,Blaxland East,NSW,AU,2774,0,,Reynaldo.J.Myers@pookmail.com,(02) 6753 9404,American Express,,SW346 ,FR,8.14E+14,3.76E+14,,10347,9145,00:00.0,39:06.2,18.24,NC160 ,00:00.0,"Tuesday, September 27, 2016",54,27.48,complete,Phone,Occasional,LowValue,BABY_BOOMERS,0,0,0,0,0,0,0,0,0,0,1,0,1,1,0,0,1,0,0,0,1,0,0,0,0,0,0,0,0,,,,,,,,,,
Jennifer ,Becker     ,Jennifer Becker     ,Mrs.,Mrs. Jennifer Becker,4374 Lindale Avenue,Bloomington,IL,US,61701,0,,Jennifer.D.Becker@spambob.com,803-223-5484,JCB,,SE337 ,FR,1.69E+14,3.53E+15,,10351,591,00:00.0,43:54.6,10.45,NW187 ,00:00.0,"Saturday, October 22, 2016",24,165.72,complete,Phone,Frequent,HighValue,GEN_Y,0,0,0,0,0,0,0,0,0,1,0,0,0,0,0,0,0,1,0,0,0,0,0,0,0,0,0,1,1,,,,,,,,,,
,,,,,,,,,,,,,,,,,,,,,,,,,,,,,,,,,,,,,,,,,,,,,,,,,,,,,,,,,,,,,,,,,,,,,,,,,,
,,,,,,,,,,,,,,,,,,,,,,,,,,,,,,,,,,,,,,,,,,,,,,,,,,,,,,,,,,,,,,,,,,,,,,,,,,
,,,,,,,,,,,,,,,,,,,,,,,,,,,,,,,,,,,,,,,,,,,,,,,,,,,,,,,,,,,,,,,,,,,,,,,,,,
,,,,,,,,,,,,,,,,,,,,,,,,,,,,,,,,,,,,,,,,,,,,,,,,,,,,,,,,,,,,,,,,,,,,,,,,,,
,,,,,,,,,,,,,,,,,,,,,,,,,,,,,,,,,,,,,,,,,,,,,,,,,,,,,,,,,,,,,,,,,,,,,,,,,,
